program_code,fe_raw,se,fe,program_name,tstat
PRBC,0.28864777981177847,0.007630558726389786,0.28469701374101436,Health-Care Information Technology,37.82786951281943
GFC,0.2031791157903512,0.00787855558658317,0.19922834971958706,Global Financial Crisis,25.78887888236217
CRP,0.19098083273294345,0.006331200792651002,0.1870300666621793,Corruption and Reform,30.165025401599358
HY,0.1648548631835209,0.008288821394119593,0.16090409711275677,Economics of Hydrocarbon Infrastructure and Transportation,19.88881836692431
SD,0.15317911579035265,0.007878555586583163,0.1492283497195885,Sovereign Debt,19.442537925506297
EFPD,0.12476253943055474,0.0025122879630713707,0.1208117733597906,Price Dynamics,49.66092313638586
SWB,0.11343767839097556,0.009536657688562914,0.10948691232021142,Subjective Well-Being,11.89490931681638
EFMB,0.09738506741984077,0.0029096859915108855,0.09343430134907663,Macro Within and Across Borders,33.46927046559843
PRTC,0.07389262517694328,0.01421034324406592,0.06994185910617914,Productivity and Technical Change,5.19991839097905
SF,0.06066507651730846,0.00620763539963564,0.056714310446544326,Sustainable Finance,9.772654579692167
PE,0.057330551729274426,0.001203596934274835,0.053379785658510294,Public Economics,47.632683414747966
PET,0.039730499260199115,0.004502465082271979,0.03577973318943498,Public Economics: Taxation,8.824165992232592
HFC,0.03651244912368389,0.007878555586583203,0.03256168305291976,Household Finance and Consumption,4.634409026175155
EFACR,0.036120064157377944,0.0020587924986852583,0.03216929808661381,Aggregate Implications of Microeconomic Consumption Behavior,17.544295590956427
REAL,0.034747731679150004,1.3597191990647992e-16,0.030796965608385872,Real Estate,255550790950434.0
CRIW,0.029288921690326396,1.936953750699213e-16,0.025338155619562264,Conference on Research in Income and Wealth,151211259844245.16
EH,0.028838513675390413,0.005219160633471718,0.02488774760462628,Economics of Health,5.525507969699604
CRI,0.025566029282705665,0.002311784963974423,0.02161526321194153,Economics of Crime,11.058999725801712
EFMPL,0.019160110459695612,1.3901041228341473e-16,0.015209344388931479,Aggregate Labor Market,137832196487784.94
EFDIS,0.01846883386430448,1.4476421057960474e-16,0.014518067793540345,Inequality and the Macroeconomy,127578728128722.17
CG,0.010475973765785863,0.0050515402315144484,0.006525207695021729,Corporate Governance,2.0738177438300185
ED,0.010179557740968159,0.000987098152749264,0.006228791670204025,Economics of Education,10.312609452885788
MPF,0.009256152245027014,0.0027751909202444057,0.005305386174262881,Macro Public Finance,3.33532088819743
CCEF,0.008723920199862609,0.012214024693596434,0.004773154129098475,Currency Crises: Exchange Rates and Financial Issues,0.7142543443879218
EEE,0.008711877413376137,0.002162277071175636,0.004761111342612003,Environmental & Energy Economics,4.029029179243651
SAV,0.008071182808164589,0.003136560743453195,0.004120416737400455,Saving,2.573258887146124
EFMM,0.007221659046549603,0.00411758499737053,0.003270892975785469,Micro Data and Macro Models,1.753857916997784
SIP,0.005380419850117829,0.0038223624702023065,0.0014296537793536956,Science of Science Funding,1.4076163346782389
DEV,0.005094142952888082,0.0029096859915108938,0.0011433768821239483,Development Economics,1.7507535066500008
HC,0.0019616298929447857,0.0008033202424083548,-0.001989136177819348,Health Care,2.4419027299297444
HE,0.0006694199609237443,0.0007646866790286342,-0.0032813461098403895,Health Economics,0.8754173170298909
AG,0.0,,-0.003950766070764134,Aging,
PRIT,-0.0008251271668589192,0.002451948905668788,-0.004775893237623053,Digital Economics and Artificial Intelligence,-0.3365189074500145
CCDF,-0.0015324900565471568,0.012214024693596545,-0.005483256127311291,Currency Crises: Diagnosis and Frameworks,-0.12546970347543152
PESS,-0.001766466553759321,0.0004055515718640457,-0.005717232624523455,Economics of Social Security,-4.355713739784243
PRPD,-0.0018074066734534884,0.0026417298607897283,-0.005758172744217622,"Productivity, Development, and Entrepreneurship",-0.6841754337868504
RISK,-0.002463512743969899,0.0016213000878264297,-0.006414278814734033,Risks of Financial Institutions,-1.5194674708693616
ENT,-0.0027975594956288433,0.002451948905668776,-0.006748325566392977,Entrepreneurship,-1.1409534224636713
HPC,-0.0029399470478946657,0.003972335966729077,-0.0068907131186587995,Big Data and High-Performance Computing,-0.7401053366378508
EFBEM,-0.004787590145391325,0.0034218439259931293,-0.008738356216155459,Behavioral Macro,-1.3991258072946189
LS,-0.00794977644180591,1.4487005470084683e-16,-0.011900542512570044,Labor Studies,-54875222199798.34
PRMP,-0.010213093786719085,0.0027751909202444105,-0.014163859857483219,Macroeconomics and Productivity,-3.6801409633538364
DAE,-0.010767641098599724,1.4389136249901753e-16,-0.014718407169363857,Development of the American Economy,-74831740499178.62
PPL,-0.013669885494364082,0.0008237282828805414,-0.017620651565128216,Personnel Economics,-16.59513917205938
IFMDS,-0.014149025296504691,0.0035824340898261142,-0.018099791367268823,IFM Data Session,-3.9495563468109647
HF,-0.01757256366162281,0.00262211851415315,-0.021523329732386944,Household Finance,-6.701666445194267
CH,-0.01757733450431291,0.0008360150500417032,-0.021528100575077043,Children and Families,-21.0251412381106
EFCE,-0.01828295464764053,0.0015915035342555616,-0.02223372071840466,Economic Fluctuations and Growth: Consumption and the Economy,-11.487850484851437
URB,-0.018986719446848512,0.002838461293293698,-0.022937485517612648,Urban Economics,-6.689088729766216
EFSF,-0.019174911971321013,0.0021794602660497684,-0.023125678042085145,Financial Frictions and the Macroeconomy,-8.798009429222212
CRA,-0.02011715480234131,0.004449406153678009,-0.02406792087310544,Capital and Risk Allocation,-4.521312307196744
MEFM,-0.020257736643861837,0.0027751909202444087,-0.02420850271462597,"Macro, Money and Financial Frictions",-7.299583065109537
GE,-0.02150782367257999,0.004822558089207127,-0.025458589743344126,Gender in the Economy,-4.459837139279762
EFEG,-0.023298019588956467,0.0038750860966031506,-0.027248785659720602,EFG Program Meeting,-6.012258568752628
EFFE,-0.02332187651135418,0.00032876724640441477,-0.02727264258211831,Forecasting and Empirical Methods,-70.93734782407755
LE,-0.02464368758012945,1.4174013902309488e-16,-0.02859445365089358,Law and Economics,-173865270275444.34
POL,-0.025202078738820313,0.0019036825427590934,-0.029152844809584445,Political Economy,-13.238593185969862
EE,-0.025293337818418103,0.0051354080440421,-0.029244103889182235,Environmental Economics,-4.925282976834226
EFEL,-0.02657722107059215,0.00046977018052292267,-0.03052798714135628,Capital Markets and the Economy,-56.574942753939446
IO,-0.026731221466469827,1.4717662514244197e-16,-0.03068198753723396,Industrial Organization,-181626813637006.2
PENS,-0.027195585437069493,0.0013428911765641048,-0.031146351507833625,Economics of National Security,-20.251518448912286
IAP,-0.03013147416643522,0.0033432541534056236,-0.03408224023719936,International Asset Pricing,-9.01261848003438
IPM,-0.03037759671781321,0.004547152955015941,-0.03432836278857734,Impulse and Propagation Mechanisms,-6.680575080348648
EFG,-0.030714172671643086,1.8718762414974452e-16,-0.03466493874240722,Economic Growth and Long-Run Macroeconomic Development,-164082282742542.12
DEM,-0.03102631260235131,0.004615741984328273,-0.03497707867311545,Dynamic Equilibrium Models,-6.721847258294391
ITI,-0.03236026320662253,1.7734334689025743e-16,-0.036311029277386664,International Trade & Investment,-182472383509529.22
HEBNH,-0.03514513681647672,0.008288821394119574,-0.03909590288724085,Health Economics: Behavioral and New Health,-4.240064436834181
CF,-0.03534380230127284,1.3865066492121118e-16,-0.03929456837203697,Corporate Finance,-254912605874318.03
IEG,-0.036155215917384256,0.0061072718604367315,-0.04010598198814839,International Economics and Geopolitics,-5.920027263171283
ITM,-0.03640054940137316,0.0026221185141531403,-0.04035131547213729,International Trade & Macroeconomics,-13.882114482963926
PRINN,-0.03701670557671885,0.0010946028645672562,-0.04096747164748298,Innovation,-33.81747552008568
PRIPE,-0.037588603118514016,0.002946968820576912,-0.04153936918927815,"Productivity, Innovation, and the Economy",-12.755005365531998
PRB,-0.037673603108559495,0.004087246673958562,-0.04162436917932363,Productivity and Business,-9.21735488797206
IFM,-0.039228434059467826,1.4159849654960545e-16,-0.04317920013023196,International Finance & Macroeconomics,-277039905192249.97
AP,-0.03997343193090269,2.7799715057041605e-16,-0.043924198001666824,Asset Pricing,-143790797311706.66
ME,-0.041207999832136875,2.1801805529448934e-16,-0.04515876590290101,Monetary Economics,-189011867739462.66
PEPF,-0.04142212684255156,0.0025159871190976713,-0.04537289291331569,Public Economics and Public Finance,-16.463568723438897
IASE,-0.04151029572111527,0.004890715671965359,-0.0454610617918794,International Aspects of the U.S. Economy,-8.487570839388859
EM,-0.041810531134589095,0.007345203963820867,-0.04576129720535323,Frontier Econometric Methods,-5.692221936998449
MM,-0.04508951141364754,0.008263365931501065,-0.04904027748441167,Macroeconomic Models,-5.456555087529192
EFJK,-0.048631456845099334,0.0020021603820572498,-0.052582222915863466,Economic Fluctuations and Growth Workshop,-24.289491132138867
FMS,-0.04905124894631804,0.011485647109885184,-0.053002015017082175,Financial Market Structure,-4.27065610470496
LBAPRE,-0.05251354059730991,0.015699069566718855,-0.05646430666807404,"Labor, Applied Price, and Real-Economy Workshop",-3.3450097392163713
PRBB,-0.05349929174235546,0.004036641338537278,-0.05745005781311959,Productivity and Business Cycles,-13.2534171989978
PRIO,-0.06075106193902029,0.008813321450749737,-0.06470182800978443,Industrial Organization and Productivity,-6.893094990181288
AMRE,-0.06454641399007739,0.009569675504237329,-0.06849718006084153,Asset Markets and Real Estate,-6.744890562015094
PEC,-0.06819915672321435,0.012214024693596464,-0.07214992279397849,Public Economics: Corporate Taxation,-5.583676014587527
