year,program_code,program_name,organizer_names,organizer_count,included_in_target_scope,agenda_captured,http_status,papers_total,papers_with_program_year_organizer,program_year_organizer_share,source_url,coverage_note
2020,AG,Aging,David M. Cutler; Jonathan S. Skinner,2,1,1,200,12,0,0.0,https://conference.nber.org/agenda/simple_printable?conf_id=SI20AG,captured official printable agenda
2020,AP,Asset Pricing,Ralph S. J. Koijen; Sydney C. Ludvigson,2,1,1,200,13,0,0.0,https://conference.nber.org/agenda/simple_printable?conf_id=SI20AP,captured official printable agenda
2020,EFBEM,Behavioral Macro,Andrew Caplin; Michael Woodford,2,1,1,200,5,0,0.0,https://conference.nber.org/agenda/simple_printable?conf_id=SI20EFBEM,captured official printable agenda
2020,EFEL,Capital Markets and the Economy,Janice C. Eberly; Deborah J. Lucas,2,1,1,200,12,0,0.0,https://conference.nber.org/agenda/simple_printable?conf_id=SI20EFEL,captured official printable agenda
2020,CH,Children,Janet Currie; Anna Aizer,2,1,1,200,14,0,0.0,https://conference.nber.org/agenda/simple_printable?conf_id=SI20CH,captured official printable agenda
2020,CRIW,Conference on Research in Income and Wealth,Katharine G. Abraham; Susanto Basu; Nicholas Bloom; Carol A. Corrado,4,1,1,200,12,0,0.0,https://conference.nber.org/agenda/simple_printable?conf_id=SI20PRCR,captured official printable agenda
2020,CF,Corporate Finance,Antoinette Schoar; Amir Sufi,2,1,1,200,16,2,0.125,https://conference.nber.org/agenda/simple_printable?conf_id=SI20CF,captured official printable agenda
2020,DEV,Development Economics,Christopher Blattman; Shawn Cole; Dave Donaldson; Kelsey Jack; Seema Jayachandran; Paul Niehaus; Alessandra Voena,7,1,1,200,18,1,0.05555555555555555,https://conference.nber.org/agenda/simple_printable?conf_id=SI20DEV,captured official printable agenda
2020,DAE,Development of the American Economy,Kris James Mitchener; John Parman; Allison Shertzer,3,1,1,200,24,0,0.0,https://conference.nber.org/agenda/simple_printable?conf_id=SI20DAE,captured official printable agenda
2020,EFEG,EFG Program Meeting,Benjamin Moll; Valerie A. Ramey,2,1,1,200,5,0,0.0,https://conference.nber.org/agenda/simple_printable?conf_id=EFGs20,captured official printable agenda
2020,EFG,Economic Growth,Ufuk Akcigit; Francisco J. Buera; David Lagakos,3,1,1,200,12,1,0.08333333333333333,https://conference.nber.org/agenda/simple_printable?conf_id=SI20EFEG,captured official printable agenda
2020,CRI,Economics of Crime,Philip J. Cook; Jens Ludwig,2,1,1,200,13,0,0.0,https://conference.nber.org/agenda/simple_printable?conf_id=SI20CRI,captured official printable agenda
2020,ED,Economics of Education,Caroline M. Hoxby,1,1,1,200,10,0,0.0,https://conference.nber.org/agenda/simple_printable?conf_id=SI20ED,captured official printable agenda
2020,PENS,Economics of National Security,Eli Berman,1,1,1,200,5,0,0.0,https://conference.nber.org/agenda/simple_printable?conf_id=SI20PENS,captured official printable agenda
2020,PESS,Economics of Social Security,Alexander M. Gelber; James M. Poterba,2,1,1,200,4,0,0.0,https://conference.nber.org/agenda/simple_printable?conf_id=SI20ESS,captured official printable agenda
2020,ENT,Entrepreneurship,Josh Lerner; David T. Robinson,2,1,1,200,12,0,0.0,https://conference.nber.org/agenda/simple_printable?conf_id=SI20PRENT,captured official printable agenda
2020,EEE,Environmental & Energy Economics,Christopher R. Knittel; Reed Walker,2,1,1,200,10,0,0.0,https://conference.nber.org/agenda/simple_printable?conf_id=SI20EEE,captured official printable agenda
2020,GE,Gender in the Economy,Jessica Goldberg; Claudia Goldin; Seema Jayachandran; Claudia Olivetti; Tom Vogl,5,1,1,200,11,0,0.0,https://conference.nber.org/agenda/simple_printable?conf_id=SI20GE,captured official printable agenda
2020,HC,Health Care,Amy Finkelstein; Heidi L. Williams,2,1,1,200,7,0,0.0,https://conference.nber.org/agenda/simple_printable?conf_id=SI20HC,captured official printable agenda
2020,HE,Health Economics,Christopher S. Carpenter; Michael Grossman; Robert Kaestner,3,1,1,200,7,1,0.14285714285714285,https://conference.nber.org/agenda/simple_printable?conf_id=SI20HE,captured official printable agenda
2020,HF,Household Finance,Adair Morse; Johannes Stroebel; Stephen P. Zeldes,3,1,1,200,8,0,0.0,https://conference.nber.org/agenda/simple_printable?conf_id=SI20HF,captured official printable agenda
2020,IFMDS,IFM Data Sources,Galina Hale; Michael W. Klein,2,1,1,200,5,0,0.0,https://conference.nber.org/agenda/simple_printable?conf_id=SI20IFMDS,captured official printable agenda
2020,PRIT,IT and Digitization,Erik Brynjolfsson; Shane Greenstein; Susan Athey; Hal R. Varian,4,1,1,200,31,1,0.03225806451612903,https://conference.nber.org/agenda/simple_printable?conf_id=SI20PRIT,captured official printable agenda
2020,IPM,Impulse and Propagation Mechanisms,Lawrence Christiano; Martin S. Eichenbaum,2,1,1,200,17,0,0.0,https://conference.nber.org/agenda/simple_printable?conf_id=SI20EFCE,captured official printable agenda
2020,EFDIS,Income Distribution and Macroeconomics,Roland Bénabou; Raquel Fernández; Oded Galor; Fabrizio Zilibotti,4,1,1,200,6,0,0.0,https://conference.nber.org/agenda/simple_printable?conf_id=SI20EFDIS,captured official printable agenda
2020,IO,Industrial Organization,Ying Fan; Jakub Kastl; Thomas G. Wollmann,3,1,1,200,10,0,0.0,https://conference.nber.org/agenda/simple_printable?conf_id=SI20IO,captured official printable agenda
2020,PRINN,Innovation,Adam B. Jaffe; Benjamin Jones; Heidi L. Williams,3,1,1,200,8,0,0.0,https://conference.nber.org/agenda/simple_printable?conf_id=SI20PRINN,captured official printable agenda
2020,IFM,International Finance & Macroeconomics,Matteo Maggiori; Ina Simonovska,2,1,1,200,9,0,0.0,https://conference.nber.org/agenda/simple_printable?conf_id=SI20IFM,captured official printable agenda
2020,ITI,International Trade & Investment,Laura Alfaro; Costas Arkolakis; Stephen J. Redding,3,1,1,200,20,2,0.1,https://conference.nber.org/agenda/simple_printable?conf_id=SI20ITI,captured official printable agenda
2020,ITM,International Trade & Macroeconomics,Andrei A. Levchenko; Katheryn Russ,2,1,1,200,4,0,0.0,https://conference.nber.org/agenda/simple_printable?conf_id=SI20ITM,captured official printable agenda
2020,LS,Labor Studies,David Autor; Patrick M. Kline; Alexandre Mas,3,1,1,200,16,0,0.0,https://conference.nber.org/agenda/simple_printable?conf_id=SI20LS,captured official printable agenda
2020,LE,Law and Economics,Christine Jolls,1,1,1,200,4,0,0.0,https://conference.nber.org/agenda/simple_printable?conf_id=SI20LE,captured official printable agenda
2020,EFMPL,Macro Perspectives,Philipp Kircher; Guido Menzio; Giuseppe Moscarini,3,1,1,200,9,0,0.0,https://conference.nber.org/agenda/simple_printable?conf_id=SI20EFMPL,captured official printable agenda
2020,MPF,Macro Public Finance,Dirk Krueger; Aleh Tsyvinski; Florian Scheuer; Stefanie Stantcheva,4,1,1,200,4,0,0.0,https://conference.nber.org/agenda/simple_printable?conf_id=SI20MPF,captured official printable agenda
2020,EFMB,Macro Within and Across Borders,Mark A. Aguiar; Patrick J. Kehoe; Mark L.J. Wright,3,1,1,200,4,0,0.0,https://conference.nber.org/agenda/simple_printable?conf_id=SI20EFMB,captured official printable agenda
2020,MEFM,"Macro, Money and Financial Markets",Markus K. Brunnermeier; Arvind Krishnamurthy; Guillermo Ordoñez,3,1,1,200,10,0,0.0,https://conference.nber.org/agenda/simple_printable?conf_id=SI20MEFM,captured official printable agenda
2020,PRMP,Macroeconomics and Productivity,Susanto Basu; Nicholas Bloom; Raffaella Sadun; Chad Syverson,4,1,1,200,6,0,0.0,https://conference.nber.org/agenda/simple_printable?conf_id=SI20PRMP,captured official printable agenda
2020,EFMM,Micro Data and Macro Models,Erik Hurst; Greg Kaplan; Giovanni L. Violante,3,1,1,200,7,0,0.0,https://conference.nber.org/agenda/simple_printable?conf_id=SI20EFMM,captured official printable agenda
2020,ME,Monetary Economics,Emi Nakamura; Jón Steinsson,2,1,1,200,19,0,0.0,https://conference.nber.org/agenda/simple_printable?conf_id=SI20ME,captured official printable agenda
2020,PPL,Personnel Economics,Mitchell Hoffman; Kathryn L. Shaw,2,1,1,200,9,0,0.0,https://conference.nber.org/agenda/simple_printable?conf_id=SI20PPL,captured official printable agenda
2020,POL,Political Economy,Gerard Padró I Miquel; Jesse M. Shapiro,2,1,1,200,5,0,0.0,https://conference.nber.org/agenda/simple_printable?conf_id=SI20POL,captured official printable agenda
2020,PRPD,"Productivity, Development, and Entrepreneurship",Nicholas Bloom; Chang-Tai Hsieh; Tavneet Suri; Christopher Woodruff,4,1,1,200,5,0,0.0,https://conference.nber.org/agenda/simple_printable?conf_id=SI20PRPD,captured official printable agenda
2020,PE,Public Economics,Raj Chetty; Jeffrey Clemens; Nathaniel Hendren; Henrik Kleven; Dmitry Taubinsky; Danny Yagan,6,1,1,200,12,3,0.25,https://conference.nber.org/agenda/simple_printable?conf_id=SI20PE,captured official printable agenda
2020,REAL,Real Estate,Fernando V. Ferreira; Tomasz Piskorski,2,1,1,200,14,2,0.14285714285714285,https://conference.nber.org/agenda/simple_printable?conf_id=SI20REAL,captured official printable agenda
2020,RISK,Risks of Financial Institutions,Mark Carey; René M. Stulz,2,1,1,200,11,0,0.0,https://conference.nber.org/agenda/simple_printable?conf_id=SI20RISK,captured official printable agenda
2020,SIP,Science of Science Funding,Paula Stephan; Reinhilde Veugelers,2,1,1,200,5,0,0.0,https://conference.nber.org/agenda/simple_printable?conf_id=SI20PRSF,captured official printable agenda
2020,URB,Urban Economics,Edward L. Glaeser,1,1,1,200,25,0,0.0,https://conference.nber.org/agenda/simple_printable?conf_id=SI20URB,captured official printable agenda
2021,AG,Aging,David M. Cutler; Jonathan S. Skinner,2,1,1,200,18,0,0.0,https://conference.nber.org/agenda/simple_printable?conf_id=SI21AG,captured official printable agenda
2021,AP,Asset Pricing,Ralph S. J. Koijen; Sydney C. Ludvigson,2,1,1,200,10,0,0.0,https://conference.nber.org/agenda/simple_printable?conf_id=SI21AP,captured official printable agenda
2021,EFBEM,Behavioral Macro,Andrew Caplin; Michael Woodford,2,1,1,200,5,0,0.0,https://conference.nber.org/agenda/simple_printable?conf_id=SI21EFBEM,captured official printable agenda
2021,HPC,Big Data and High-Performance Computing,Toni Whited; Mao Ye,2,1,1,200,14,0,0.0,https://conference.nber.org/agenda/simple_printable?conf_id=SI21HPC,captured official printable agenda
2021,EFEL,Capital Markets and the Economy,Janice C. Eberly; Deborah J. Lucas,2,1,1,200,12,0,0.0,https://conference.nber.org/agenda/simple_printable?conf_id=SI21EFEL,captured official printable agenda
2021,CH,Children,Janet Currie; Anna Aizer,2,1,1,200,16,0,0.0,https://conference.nber.org/agenda/simple_printable?conf_id=SI21CH,captured official printable agenda
2021,CRIW,Conference on Research in Income and Wealth,Katharine G. Abraham; Susanto Basu; Nicholas Bloom; Carol A. Corrado,4,1,1,200,14,0,0.0,https://conference.nber.org/agenda/simple_printable?conf_id=SI21PRCR,captured official printable agenda
2021,CF,Corporate Finance,Antoinette Schoar; Amir Sufi,2,1,1,200,12,0,0.0,https://conference.nber.org/agenda/simple_printable?conf_id=SI21CF,captured official printable agenda
2021,DEV,Development Economics,David Atkin; Frederico Finan; Andrew Foster; Rema Hanna; Seema Jayachandran; Ahmed Mushfiq Mobarak; Shing-Yi Wang,7,1,1,200,12,0,0.0,https://conference.nber.org/agenda/simple_printable?conf_id=SI21DEV,captured official printable agenda
2021,DAE,Development of the American Economy,Christopher M. Meissner; John Parman; Allison Shertzer; Leah Platt Boustan; William J. Collins,5,1,1,200,24,0,0.0,https://conference.nber.org/agenda/simple_printable?conf_id=SI21DAE,captured official printable agenda
2021,DEM,Dynamic Equilibrium Models,S. Borağan Aruoba; Jesús Fernández-Villaverde; Frank Schorfheide,3,1,1,200,8,0,0.0,https://conference.nber.org/agenda/simple_printable?conf_id=SI21EFSF,captured official printable agenda
2021,EFEG,EFG Program Meeting,Jennifer La'O; Giovanni L. Violante,2,1,1,200,6,0,0.0,https://conference.nber.org/agenda/simple_printable?conf_id=EFGs21,captured official printable agenda
2021,EFG,Economic Growth,Ufuk Akcigit; Francisco J. Buera; David Lagakos,3,1,1,200,12,0,0.0,https://conference.nber.org/agenda/simple_printable?conf_id=SI21EFEG,captured official printable agenda
2021,CRI,Economics of Crime,Philip J. Cook; Jens Ludwig; Crystal Yang,3,1,1,200,12,1,0.08333333333333333,https://conference.nber.org/agenda/simple_printable?conf_id=SI21CRI,captured official printable agenda
2021,ED,Economics of Education,Caroline M. Hoxby,1,1,1,200,11,0,0.0,https://conference.nber.org/agenda/simple_printable?conf_id=SI21ED,captured official printable agenda
2021,PENS,Economics of National Security,Eli Berman,1,1,1,200,6,0,0.0,https://conference.nber.org/agenda/simple_printable?conf_id=SI21PENS,captured official printable agenda
2021,PESS,Economics of Social Security,Alexander M. Gelber; James M. Poterba,2,1,1,200,7,0,0.0,https://conference.nber.org/agenda/simple_printable?conf_id=SI21ESS,captured official printable agenda
2021,ENT,Entrepreneurship,Yael Hochberg; Josh Lerner; David T. Robinson,3,1,1,200,6,1,0.16666666666666666,https://conference.nber.org/agenda/simple_printable?conf_id=SI21PRENT,captured official printable agenda
2021,EEE,Environmental & Energy Economics,Matthew Kotchen; Mar Reguant,2,1,1,200,24,0,0.0,https://conference.nber.org/agenda/simple_printable?conf_id=SI21EEE,captured official printable agenda
2021,EFFE,Forecasting and Empirical Methods,Allan Timmermann; Jonathan H. Wright,2,1,1,200,8,0,0.0,https://conference.nber.org/agenda/simple_printable?conf_id=SI21EFFE,captured official printable agenda
2021,HC,Health Care,William N. Evans; Amy Finkelstein; Timothy Layton; Heidi L. Williams,4,1,1,200,8,0,0.0,https://conference.nber.org/agenda/simple_printable?conf_id=SI21HC,captured official printable agenda
2021,HE,Health Economics,Christopher S. Carpenter; Rosalie Liccardo Pacula; Tara Watson,3,1,1,200,10,0,0.0,https://conference.nber.org/agenda/simple_printable?conf_id=SI21HE,captured official printable agenda
2021,HF,Household Finance,Adair Morse; Johannes Stroebel; Stephen P. Zeldes,3,1,1,200,16,0,0.0,https://conference.nber.org/agenda/simple_printable?conf_id=SI21HF,captured official printable agenda
2021,IFMDS,IFM Data Sources,Galina Hale; Michael W. Klein,2,1,1,200,5,0,0.0,https://conference.nber.org/agenda/simple_printable?conf_id=SI21IFMDS,captured official printable agenda
2021,PRIT,IT and Digitization,Susan Athey; Erik Brynjolfsson; Catherine Tucker; Hal R. Varian,4,1,1,200,37,1,0.02702702702702703,https://conference.nber.org/agenda/simple_printable?conf_id=SI21PRIT,captured official printable agenda
2021,IPM,Impulse and Propagation Mechanisms,Lawrence Christiano; Martin S. Eichenbaum,2,1,1,200,20,0,0.0,https://conference.nber.org/agenda/simple_printable?conf_id=SI21EFCE,captured official printable agenda
2021,IO,Industrial Organization,Ulrich Doraszelski; Gastón Illanes; Bradley Larsen; Fiona Scott Morton,4,1,1,200,12,0,0.0,https://conference.nber.org/agenda/simple_printable?conf_id=SI21IO,captured official printable agenda
2021,EFDIS,Inequality and the Macroeconomy,Roland Bénabou; Raquel Fernández; Oded Galor,3,1,1,200,6,0,0.0,https://conference.nber.org/agenda/simple_printable?conf_id=SI21EFDIS,captured official printable agenda
2021,PRINN,Innovation,Adam B. Jaffe; Benjamin Jones; Heidi L. Williams,3,1,1,200,8,0,0.0,https://conference.nber.org/agenda/simple_printable?conf_id=SI21PRINN,captured official printable agenda
2021,IAP,International Asset Pricing,Karen K. Lewis; Adrien Verdelhan,2,1,1,200,7,0,0.0,https://conference.nber.org/agenda/simple_printable?conf_id=SI21IAP,captured official printable agenda
2021,IFM,International Finance & Macroeconomics,Galina Hale; Matteo Maggiori,2,1,1,200,12,0,0.0,https://conference.nber.org/agenda/simple_printable?conf_id=SI21IFM,captured official printable agenda
2021,ITI,International Trade & Investment,Laura Alfaro; Pablo D. Fajgelbaum; Stephen J. Redding,3,1,1,200,15,1,0.06666666666666667,https://conference.nber.org/agenda/simple_printable?conf_id=SI21ITI,captured official printable agenda
2021,ITM,International Trade & Macroeconomics,Andrei A. Levchenko; Katheryn Russ,2,1,1,200,4,0,0.0,https://conference.nber.org/agenda/simple_printable?conf_id=SI21ITM,captured official printable agenda
2021,LS,Labor Studies,David Autor; Patrick M. Kline; Alexandre Mas; Conrad Miller; Isaac Sorkin; Heather Sarsons; Simon Jäger,7,1,1,200,19,4,0.21052631578947367,https://conference.nber.org/agenda/simple_printable?conf_id=SI21LS,captured official printable agenda
2021,LE,Law and Economics,Christine Jolls,1,1,1,200,4,0,0.0,https://conference.nber.org/agenda/simple_printable?conf_id=SI21LE,captured official printable agenda
2021,EFMPL,Macro Perspectives,Philipp Kircher; Guido Menzio; Giuseppe Moscarini,3,1,1,200,12,1,0.08333333333333333,https://conference.nber.org/agenda/simple_printable?conf_id=SI21EFMPL,captured official printable agenda
2021,MPF,Macro Public Finance,Dirk Krueger; Aleh Tsyvinski; Florian Scheuer; Stefanie Stantcheva,4,1,1,200,6,0,0.0,https://conference.nber.org/agenda/simple_printable?conf_id=SI21MPF,captured official printable agenda
2021,EFMB,Macro Within and Across Borders,Mark A. Aguiar; Cristina Arellano; Patrick J. Kehoe; Mark L.J. Wright,4,1,1,200,5,0,0.0,https://conference.nber.org/agenda/simple_printable?conf_id=SI21EFMB,captured official printable agenda
2021,MEFM,"Macro, Money and Financial Markets",Markus K. Brunnermeier; Arvind Krishnamurthy; Guillermo Ordoñez,3,1,1,200,11,0,0.0,https://conference.nber.org/agenda/simple_printable?conf_id=SI21MEFM,captured official printable agenda
2021,PRMP,Macroeconomics and Productivity,Susanto Basu; Nicholas Bloom; Raffaella Sadun; Chad Syverson,4,1,1,200,6,0,0.0,https://conference.nber.org/agenda/simple_printable?conf_id=SI21PRMP,captured official printable agenda
2021,EFMM,Micro Data and Macro Models,Erik Hurst; Greg Kaplan; Giovanni L. Violante,3,1,1,200,9,1,0.1111111111111111,https://conference.nber.org/agenda/simple_printable?conf_id=SI21EFMM,captured official printable agenda
2021,ME,Monetary Economics,Emi Nakamura; Jón Steinsson,2,1,1,200,19,0,0.0,https://conference.nber.org/agenda/simple_printable?conf_id=SI21ME,captured official printable agenda
2021,PPL,Personnel Economics,Mitchell Hoffman; Kathryn L. Shaw,2,1,1,200,14,0,0.0,https://conference.nber.org/agenda/simple_printable?conf_id=SI21PPL,captured official printable agenda
2021,POL,Political Economy,Francesco Trebbi; Ebonya L. Washington,2,1,1,200,9,0,0.0,https://conference.nber.org/agenda/simple_printable?conf_id=SI21POL,captured official printable agenda
2021,PRPD,"Productivity, Development, and Entrepreneurship",Nicholas Bloom; Chang-Tai Hsieh; Tavneet Suri; Christopher Woodruff,4,1,1,200,6,0,0.0,https://conference.nber.org/agenda/simple_printable?conf_id=SI21PRPD,captured official printable agenda
2021,PE,Public Economics,Jeffrey Clemens; Peter Bergman; Louis Kaplow; Katherine Meckel; Monica Singhal; Owen M. Zidar,6,1,1,200,12,0,0.0,https://conference.nber.org/agenda/simple_printable?conf_id=SI21PE,captured official printable agenda
2021,REAL,Real Estate,Rebecca Diamond; Fernando V. Ferreira; Tomasz Piskorski,3,1,1,200,18,2,0.1111111111111111,https://conference.nber.org/agenda/simple_printable?conf_id=SI21REAL,captured official printable agenda
2021,RISK,Risks of Financial Institutions,Mark Carey; René M. Stulz,2,1,1,200,11,0,0.0,https://conference.nber.org/agenda/simple_printable?conf_id=SI21RISK,captured official printable agenda
2021,SIP,Science of Science Funding,Paula Stephan; Reinhilde Veugelers,2,1,1,200,7,0,0.0,https://conference.nber.org/agenda/simple_printable?conf_id=SI21PRSF,captured official printable agenda
2021,URB,Urban Economics,Edward L. Glaeser,1,1,1,200,35,0,0.0,https://conference.nber.org/agenda/simple_printable?conf_id=SI21URB,captured official printable agenda
2022,AG,Aging,David M. Cutler; Kosali I. Simon; Jonathan S. Skinner,3,1,1,200,16,2,0.125,https://conference.nber.org/agenda/simple_printable?conf_id=SI22AG,captured official printable agenda
2022,AP,Asset Pricing,Ralph S. J. Koijen; Sydney C. Ludvigson,2,1,1,200,14,0,0.0,https://conference.nber.org/agenda/simple_printable?conf_id=SI22AP,captured official printable agenda
2022,EFBEM,Behavioral Macro,Andrew Caplin; Michael Woodford,2,1,1,200,6,0,0.0,https://conference.nber.org/agenda/simple_printable?conf_id=SI22EFBEM,captured official printable agenda
2022,HPC,Big Data and High-Performance Computing,Toni Whited; Mao Ye,2,1,1,200,8,0,0.0,https://conference.nber.org/agenda/simple_printable?conf_id=SI22HPC,captured official printable agenda
2022,EFEL,Capital Markets and the Economy,Janice C. Eberly; Deborah J. Lucas,2,1,1,200,12,0,0.0,https://conference.nber.org/agenda/simple_printable?conf_id=SI22EFEL,captured official printable agenda
2022,CH,Children,Janet Currie; Anna Aizer,2,1,1,200,21,0,0.0,https://conference.nber.org/agenda/simple_printable?conf_id=SI22CH,captured official printable agenda
2022,CRIW,Conference on Research in Income and Wealth,Katharine G. Abraham; Susanto Basu; David M. Byrne,3,1,1,200,16,0,0.0,https://conference.nber.org/agenda/simple_printable?conf_id=SI22PRCR,captured official printable agenda
2022,CF,Corporate Finance,Antoinette Schoar; Amir Sufi,2,1,1,200,12,0,0.0,https://conference.nber.org/agenda/simple_printable?conf_id=SI22CF,captured official printable agenda
2022,DEV,Development Economics,Jishnu Das; Benjamin Faber; Eric V. Edmonds; Seema Jayachandran; Costas Meghir; Dilip Mookherjee; Melanie Morten; Tom Vogl,8,1,1,200,19,2,0.10526315789473684,https://conference.nber.org/agenda/simple_printable?conf_id=SI22DEV,captured official printable agenda
2022,DAE,Development of the American Economy,Katherine Eriksson; Martin Fiszbein; Christopher M. Meissner; Leah Platt Boustan; William J. Collins,5,1,1,200,31,1,0.03225806451612903,https://conference.nber.org/agenda/simple_printable?conf_id=SI22DAE,captured official printable agenda
2022,DEM,Dynamic Equilibrium Models,S. Borağan Aruoba; Jesús Fernández-Villaverde; Frank Schorfheide,3,1,1,200,8,0,0.0,https://conference.nber.org/agenda/simple_printable?conf_id=SI22EFSF,captured official printable agenda
2022,EFEG,EFG Program Meeting,Mark Gertler; Peter J. Klenow,2,1,1,200,6,0,0.0,https://conference.nber.org/agenda/simple_printable?conf_id=EFGs22,captured official printable agenda
2022,EFG,Economic Growth,Ufuk Akcigit; Francisco J. Buera; David Lagakos,3,1,1,200,12,1,0.08333333333333333,https://conference.nber.org/agenda/simple_printable?conf_id=SI22EFEG,captured official printable agenda
2022,CRI,Economics of Crime,Jens Ludwig; Crystal Yang,2,1,1,200,14,0,0.0,https://conference.nber.org/agenda/simple_printable?conf_id=SI22CRI,captured official printable agenda
2022,ED,Economics of Education,Caroline M. Hoxby,1,1,1,200,6,1,0.16666666666666666,https://conference.nber.org/agenda/simple_printable?conf_id=SI22ED,captured official printable agenda
2022,PENS,Economics of National Security,Eli Berman,1,1,1,200,7,0,0.0,https://conference.nber.org/agenda/simple_printable?conf_id=SI22PENS,captured official printable agenda
2022,PESS,Economics of Social Security,Alexander M. Gelber; James M. Poterba,2,1,1,200,6,0,0.0,https://conference.nber.org/agenda/simple_printable?conf_id=SI22ESS,captured official printable agenda
2022,ENT,Entrepreneurship,Yael Hochberg; Josh Lerner; David T. Robinson,3,1,1,200,8,0,0.0,https://conference.nber.org/agenda/simple_printable?conf_id=SI22PRENT,captured official printable agenda
2022,EEE,Environmental & Energy Economics,Meredith Fowlie; Koichiro Ito,2,1,1,200,22,1,0.045454545454545456,https://conference.nber.org/agenda/simple_printable?conf_id=SI22EEE,captured official printable agenda
2022,EFFE,Forecasting and Empirical Methods,Allan Timmermann; Jonathan H. Wright,2,1,1,200,16,0,0.0,https://conference.nber.org/agenda/simple_printable?conf_id=SI22EFFE,captured official printable agenda
2022,GE,Gender in the Economy,Jessica Goldberg; Claudia Goldin; Claudia Olivetti; Manisha Shah,4,1,1,200,11,0,0.0,https://conference.nber.org/agenda/simple_printable?conf_id=SI22GE,captured official printable agenda
2022,HC,Health Care,Amy Finkelstein; Matthew J. Notowidigdo; James B. Rebitzer; Amanda Starc; Heidi L. Williams,5,1,1,200,11,1,0.09090909090909091,https://conference.nber.org/agenda/simple_printable?conf_id=SI22HC,captured official printable agenda
2022,HE,Health Economics,Marianne Bitler; Christopher S. Carpenter; Marcus Dillender,3,1,1,200,10,0,0.0,https://conference.nber.org/agenda/simple_printable?conf_id=SI22HE,captured official printable agenda
2022,HF,Household Finance,Adair Morse; Christopher Tonetti; Stephen P. Zeldes,3,1,1,200,15,0,0.0,https://conference.nber.org/agenda/simple_printable?conf_id=SI22HF,captured official printable agenda
2022,IFMDS,IFM Data Sources,Galina Hale; Michael W. Klein,2,1,1,200,4,0,0.0,https://conference.nber.org/agenda/simple_printable?conf_id=SI22IFMDS,captured official printable agenda
2022,PRIT,IT and Digitization,Erik Brynjolfsson; Avi Goldfarb; Catherine Tucker,3,1,1,200,28,0,0.0,https://conference.nber.org/agenda/simple_printable?conf_id=SI22PRIT,captured official printable agenda
2022,IPM,Impulse and Propagation Mechanisms,Lawrence Christiano; Martin S. Eichenbaum,2,1,1,200,20,0,0.0,https://conference.nber.org/agenda/simple_printable?conf_id=SI22EFCE,captured official printable agenda
2022,EFDIS,Income Distribution and Macroeconomics,Roland Bénabou; Raquel Fernández; Oded Galor,3,1,1,200,8,0,0.0,https://conference.nber.org/agenda/simple_printable?conf_id=SI22EFDIS,captured official printable agenda
2022,IO,Industrial Organization,Vivek Bhattacharya; Michael Dinerstein; Gautam Gowrisankaran; Joel Waldfogel,4,1,1,200,13,0,0.0,https://conference.nber.org/agenda/simple_printable?conf_id=SI22IO,captured official printable agenda
2022,PRINN,Innovation,Adam B. Jaffe; Benjamin Jones; Heidi L. Williams,3,1,1,200,11,0,0.0,https://conference.nber.org/agenda/simple_printable?conf_id=SI22PRINN,captured official printable agenda
2022,IFM,International Finance & Macroeconomics,Galina Hale; Fabrizio Perri,2,1,1,200,12,0,0.0,https://conference.nber.org/agenda/simple_printable?conf_id=SI22IFM,captured official printable agenda
2022,ITI,International Trade & Investment,Ina Simonovska; Pablo D. Fajgelbaum,2,1,1,200,15,0,0.0,https://conference.nber.org/agenda/simple_printable?conf_id=SI22ITI,captured official printable agenda
2022,ITM,International Trade & Macroeconomics,Andrei A. Levchenko; Katheryn Russ,2,1,1,200,4,0,0.0,https://conference.nber.org/agenda/simple_printable?conf_id=SI22ITM,captured official printable agenda
2022,LS,Labor Studies,Amanda Y. Agan; David Autor; Ellora Derenoncourt; Peter Hull; Patrick M. Kline; Alexandre Mas; Raffaele Saggio; Zoë B. Cullen,8,1,1,200,25,2,0.08,https://conference.nber.org/agenda/simple_printable?conf_id=SI22LS,captured official printable agenda
2022,LE,Law and Economics,Christine Jolls,1,1,1,200,11,0,0.0,https://conference.nber.org/agenda/simple_printable?conf_id=SI22LE,captured official printable agenda
2022,EFMPL,Macro Perspectives,Philipp Kircher; Guido Menzio; Giuseppe Moscarini,3,1,1,200,18,0,0.0,https://conference.nber.org/agenda/simple_printable?conf_id=SI22EFMPL,captured official printable agenda
2022,MPF,Macro Public Finance,Dirk Krueger; Florian Scheuer; Stefanie Stantcheva; Aleh Tsyvinski,4,1,1,200,8,0,0.0,https://conference.nber.org/agenda/simple_printable?conf_id=SI22MPF,captured official printable agenda
2022,EFMB,Macro Within and Across Borders,Mark A. Aguiar; Cristina Arellano; Patrick J. Kehoe; Mark L.J. Wright,4,1,1,200,6,1,0.16666666666666666,https://conference.nber.org/agenda/simple_printable?conf_id=SI22EFMB,captured official printable agenda
2022,MEFM,"Macro, Money and Financial Frictions",Markus K. Brunnermeier; Arvind Krishnamurthy; Guillermo Ordoñez,3,1,1,200,9,0,0.0,https://conference.nber.org/agenda/simple_printable?conf_id=SI22MEFM,captured official printable agenda
2022,PRMP,Macroeconomics and Productivity,Susanto Basu; Nicholas Bloom; Raffaella Sadun; Chad Syverson,4,1,1,200,7,0,0.0,https://conference.nber.org/agenda/simple_printable?conf_id=SI22PRMP,captured official printable agenda
2022,EFMM,Micro Data and Macro Models,Erik Hurst; Greg Kaplan; Giovanni L. Violante,3,1,1,200,16,1,0.0625,https://conference.nber.org/agenda/simple_printable?conf_id=SI22EFMM,captured official printable agenda
2022,ME,Monetary Economics,Emi Nakamura; Jón Steinsson,2,1,1,200,16,0,0.0,https://conference.nber.org/agenda/simple_printable?conf_id=SI22ME,captured official printable agenda
2022,PPL,Personnel Economics,Mitchell Hoffman; Kathryn L. Shaw; Raffaella Sadun,3,1,1,200,15,1,0.06666666666666667,https://conference.nber.org/agenda/simple_printable?conf_id=SI22PPL,captured official printable agenda
2022,POL,Political Economy,Francesco Trebbi; Ebonya L. Washington,2,1,1,200,11,0,0.0,https://conference.nber.org/agenda/simple_printable?conf_id=SI22POL,captured official printable agenda
2022,PE,Public Economics,Michael C. Best; Eric Chyn; Peter Ganong; Dmitry Taubinsky; Winnie van Dijk,5,1,1,200,11,0,0.0,https://conference.nber.org/agenda/simple_printable?conf_id=SI22PE,captured official printable agenda
2022,REAL,Real Estate,Benjamin J. Keys; Tomasz Piskorski,2,1,1,200,16,0,0.0,https://conference.nber.org/agenda/simple_printable?conf_id=SI22REAL,captured official printable agenda
2022,RISK,Risks of Financial Institutions,Mark Carey; René M. Stulz,2,1,1,200,12,0,0.0,https://conference.nber.org/agenda/simple_printable?conf_id=SI22RISK,captured official printable agenda
2022,SIP,Science of Science Funding,Paula Stephan; Reinhilde Veugelers,2,1,1,200,12,0,0.0,https://conference.nber.org/agenda/simple_printable?conf_id=SI22SF,captured official printable agenda
2022,URB,Urban Economics,Edward L. Glaeser,1,1,1,200,28,0,0.0,https://conference.nber.org/agenda/simple_printable?conf_id=SI22URB,captured official printable agenda
2023,EFMPL,Aggregate Labor Market,Philipp Kircher; Guido Menzio; Giuseppe Moscarini,3,1,1,200,18,1,0.05555555555555555,https://conference.nber.org/agenda/simple_printable?conf_id=SI23EFMPL,captured official printable agenda
2023,AG,Aging,David M. Cutler; Kosali I. Simon; Jonathan S. Skinner,3,1,1,200,12,0,0.0,https://conference.nber.org/agenda/simple_printable?conf_id=SI23AG,captured official printable agenda
2023,AP,Asset Pricing,Ralph S. J. Koijen; Sydney C. Ludvigson,2,1,1,200,14,0,0.0,https://conference.nber.org/agenda/simple_printable?conf_id=SI23AP,captured official printable agenda
2023,EFBEM,Behavioral Macro,Andrew Caplin; Michael Woodford,2,1,1,200,6,0,0.0,https://conference.nber.org/agenda/simple_printable?conf_id=SI23EFBEM,captured official printable agenda
2023,HPC,Big Data and High-Performance Computing,Toni Whited; Mao Ye,2,1,1,200,8,0,0.0,https://conference.nber.org/agenda/simple_printable?conf_id=SI23HPC,captured official printable agenda
2023,CRIWPC,CRIW Pre-Conference,Randall Akee; Lawrence F. Katz; Mark Loewenstein; Kimberly Mehlman-Orozco,4,1,0,400,,,,https://conference.nber.org/agenda/simple_printable?conf_id=SI23CRIWPC,not captured; http_status=400; blank is not zero
2023,EFEL,Capital Markets and the Economy,Janice C. Eberly; Deborah J. Lucas,2,1,1,200,11,0,0.0,https://conference.nber.org/agenda/simple_printable?conf_id=SI23EFEL,captured official printable agenda
2023,CH,Children,Janet Currie; Anna Aizer,2,1,1,200,21,0,0.0,https://conference.nber.org/agenda/simple_printable?conf_id=SI23CH,captured official printable agenda
2023,CRIW,Conference on Research in Income and Wealth,Katharine G. Abraham; Susanto Basu; David M. Byrne,3,1,1,200,16,1,0.0625,https://conference.nber.org/agenda/simple_printable?conf_id=SI23PRCR,captured official printable agenda
2023,CF,Corporate Finance,Antoinette Schoar; Amir Sufi,2,1,1,200,10,0,0.0,https://conference.nber.org/agenda/simple_printable?conf_id=SI23CF,captured official printable agenda
2023,DEV,Development Economics,Orazio Attanasio; Emily Breza; Claudio Ferraz; Rachel Glennerster; Seema Jayachandran; Jeremy Magruder; Anant Nyshadham; Leonard Wantchekon,8,1,1,200,19,1,0.05263157894736842,https://conference.nber.org/agenda/simple_printable?conf_id=SI23DEV,captured official printable agenda
2023,DAE,Development of the American Economy,Katherine Eriksson; Martin Fiszbein; Joshua K. Hausman; Leah Platt Boustan; William J. Collins,5,1,1,200,31,0,0.0,https://conference.nber.org/agenda/simple_printable?conf_id=SI23DAE,captured official printable agenda
2023,PRIT,Digital Economics and Artificial Intelligence,Erik Brynjolfsson; Avi Goldfarb; Catherine Tucker,3,1,1,200,23,1,0.043478260869565216,https://conference.nber.org/agenda/simple_printable?conf_id=SI23PRIT,captured official printable agenda
2023,DEM,Dynamic Equilibrium Models,S. Borağan Aruoba; Jesús Fernández-Villaverde; Frank Schorfheide,3,1,1,200,8,0,0.0,https://conference.nber.org/agenda/simple_printable?conf_id=SI23EFSF,captured official printable agenda
2023,EFEG,EFG Program Meeting,Jennifer La'O; Giovanni L. Violante,2,1,1,200,6,0,0.0,https://conference.nber.org/agenda/simple_printable?conf_id=EFGs23,captured official printable agenda
2023,EFG,Economic Growth,Ufuk Akcigit; Francisco J. Buera; David Lagakos,3,1,1,200,12,1,0.08333333333333333,https://conference.nber.org/agenda/simple_printable?conf_id=SI23EFEG,captured official printable agenda
2023,CRI,Economics of Crime,Jens Ludwig; Crystal Yang,2,1,1,200,12,0,0.0,https://conference.nber.org/agenda/simple_printable?conf_id=SI23CRI,captured official printable agenda
2023,ED,Economics of Education,Caroline M. Hoxby,1,1,1,200,8,0,0.0,https://conference.nber.org/agenda/simple_printable?conf_id=SI23ED,captured official printable agenda
2023,EH,Economics of Health,Leila Agha; Christopher S. Carpenter; Laura Dague; Amy Finkelstein; Benjamin R. Handel; Alex Hollingsworth,6,1,1,200,14,1,0.07142857142857142,https://conference.nber.org/agenda/simple_printable?conf_id=SI23EH,captured official printable agenda
2023,PENS,Economics of National Security,Samuel Bazzi; Eli Berman,2,1,1,200,7,0,0.0,https://conference.nber.org/agenda/simple_printable?conf_id=SI23PENS,captured official printable agenda
2023,PESS,Economics of Social Security,Manasi Deshpande; James M. Poterba,2,1,1,200,6,0,0.0,https://conference.nber.org/agenda/simple_printable?conf_id=SI23ESS,captured official printable agenda
2023,ENT,Entrepreneurship,Yael Hochberg; Josh Lerner; David T. Robinson,3,1,1,200,8,0,0.0,https://conference.nber.org/agenda/simple_printable?conf_id=SI23PRENT,captured official printable agenda
2023,EEE,Environmental & Energy Economics,Tamma Carleton; Matthew Kotchen,2,1,1,200,23,1,0.043478260869565216,https://conference.nber.org/agenda/simple_printable?conf_id=SI23EEE,captured official printable agenda
2023,EFFE,Forecasting and Empirical Methods,Allan Timmermann; Jonathan H. Wright,2,1,1,200,16,0,0.0,https://conference.nber.org/agenda/simple_printable?conf_id=SI23EFFE,captured official printable agenda
2023,GE,Gender in the Economy,Jessica Goldberg; Claudia Goldin; Claudia Olivetti; Jessica Pan; Alessandra Voena,5,1,1,200,14,0,0.0,https://conference.nber.org/agenda/simple_printable?conf_id=SI23GE,captured official printable agenda
2023,HF,Household Finance,Adair Morse; Constantine Yannelis; Stephen P. Zeldes,3,1,1,200,15,1,0.06666666666666667,https://conference.nber.org/agenda/simple_printable?conf_id=SI23HF,captured official printable agenda
2023,IFMDS,IFM Data Session,Jesse Schreger; Chenzi Xu,2,1,1,200,5,0,0.0,https://conference.nber.org/agenda/simple_printable?conf_id=SI23IFMDS,captured official printable agenda
2023,IPM,Impulse and Propagation Mechanisms,Lawrence Christiano; Martin S. Eichenbaum,2,1,1,200,20,0,0.0,https://conference.nber.org/agenda/simple_printable?conf_id=SI23EFCE,captured official printable agenda
2023,IO,Industrial Organization,Zach Y. Brown; Liran Einav; Adam Kapor; Amanda Starc; Kevin R. Williams,5,1,1,200,14,0,0.0,https://conference.nber.org/agenda/simple_printable?conf_id=SI23IO,captured official printable agenda
2023,EFDIS,Inequality and the Macroeconomy,Roland Bénabou; Raquel Fernández; Jonathan Heathcote,3,1,1,200,12,0,0.0,https://conference.nber.org/agenda/simple_printable?conf_id=SI23EFDIS,captured official printable agenda
2023,PRINN,Innovation,Adam B. Jaffe; Benjamin Jones; Heidi L. Williams,3,1,1,200,11,0,0.0,https://conference.nber.org/agenda/simple_printable?conf_id=SI23PRINN,captured official printable agenda
2023,IAP,International Asset Pricing,Karen K. Lewis; Adrien Verdelhan,2,1,1,200,9,0,0.0,https://conference.nber.org/agenda/simple_printable?conf_id=SI23IAP,captured official printable agenda
2023,IFM,International Finance & Macroeconomics,Fabrizio Perri; Stephanie Schmitt-Grohé,2,1,1,200,11,0,0.0,https://conference.nber.org/agenda/simple_printable?conf_id=SI23IFM,captured official printable agenda
2023,ITI,International Trade & Investment,Oleg Itskhoki; Ina Simonovska,2,1,1,200,14,0,0.0,https://conference.nber.org/agenda/simple_printable?conf_id=SI23ITI,captured official printable agenda
2023,ITM,International Trade & Macroeconomics,Javier Cravino; Katheryn Russ,2,1,1,200,4,0,0.0,https://conference.nber.org/agenda/simple_printable?conf_id=SI23ITM,captured official printable agenda
2023,LS,Labor Studies,David Autor; Rebecca Diamond; Patrick M. Kline; Brian K. Kovak; Alexandre Mas; Melvin Stephens; Lowell Taylor; Winnie van Dijk,8,1,1,200,27,0,0.0,https://conference.nber.org/agenda/simple_printable?conf_id=SI23LS,captured official printable agenda
2023,LE,Law and Economics,Christine Jolls,1,1,1,200,9,0,0.0,https://conference.nber.org/agenda/simple_printable?conf_id=SI23LE,captured official printable agenda
2023,MPF,Macro Public Finance,Dirk Krueger; Florian Scheuer; Stefanie Stantcheva; Aleh Tsyvinski,4,1,1,200,8,0,0.0,https://conference.nber.org/agenda/simple_printable?conf_id=SI23MPF,captured official printable agenda
2023,EFMB,Macro Within and Across Borders,Mark A. Aguiar; Cristina Arellano; Patrick J. Kehoe; Mark L.J. Wright,4,1,1,200,6,0,0.0,https://conference.nber.org/agenda/simple_printable?conf_id=SI23EFMB,captured official printable agenda
2023,MEFM,"Macro, Money and Financial Frictions",Markus K. Brunnermeier; Arvind Krishnamurthy; Guillermo Ordoñez,3,1,1,200,9,0,0.0,https://conference.nber.org/agenda/simple_printable?conf_id=SI23MEFM,captured official printable agenda
2023,PRMP,Macroeconomics and Productivity,Susanto Basu; Nicholas Bloom; Raffaella Sadun; Chad Syverson,4,1,1,200,7,0,0.0,https://conference.nber.org/agenda/simple_printable?conf_id=SI23PRMP,captured official printable agenda
2023,EFMM,Micro Data and Macro Models,Erik Hurst; Greg Kaplan; Giovanni L. Violante,3,1,1,200,16,0,0.0,https://conference.nber.org/agenda/simple_printable?conf_id=SI23EFMM,captured official printable agenda
2023,ME,Monetary Economics,Emi Nakamura; Jón Steinsson,2,1,1,200,16,0,0.0,https://conference.nber.org/agenda/simple_printable?conf_id=SI23ME,captured official printable agenda
2023,PPL,Personnel Economics,Mitchell Hoffman; Christopher T. Stanton,2,1,1,200,15,1,0.06666666666666667,https://conference.nber.org/agenda/simple_printable?conf_id=SI23PPL,captured official printable agenda
2023,POL,Political Economy,Matilde Bombardini; Ernesto Dal Bó; Suresh Naidu; Thomas R. Palfrey,4,1,1,200,12,0,0.0,https://conference.nber.org/agenda/simple_printable?conf_id=SI23POL,captured official printable agenda
2023,PE,Public Economics,Michael C. Best; Raj Chetty; Eric Chyn; Tatiana Homonoff; Maria Polyakova; Danny Yagan,6,1,1,200,11,2,0.18181818181818182,https://conference.nber.org/agenda/simple_printable?conf_id=SI23PE,captured official printable agenda
2023,REAL,Real Estate,Tomasz Piskorski; Maisy Wong,2,1,1,200,17,0,0.0,https://conference.nber.org/agenda/simple_printable?conf_id=SI23REAL,captured official printable agenda
2023,RISK,Risks of Financial Institutions,Mark Carey; René M. Stulz,2,1,1,200,8,0,0.0,https://conference.nber.org/agenda/simple_printable?conf_id=SI23RISK,captured official printable agenda
2023,SIP,Science of Science Funding,Paula Stephan; Reinhilde Veugelers,2,1,1,200,10,1,0.1,https://conference.nber.org/agenda/simple_printable?conf_id=SI23SF,captured official printable agenda
2023,URB,Urban Economics,Edward L. Glaeser,1,1,1,200,24,0,0.0,https://conference.nber.org/agenda/simple_printable?conf_id=SI23URB,captured official printable agenda
2024,EFMPL,Aggregate Labor Market,Philipp Kircher; Guido Menzio; Giuseppe Moscarini,3,1,1,200,18,0,0.0,https://conference.nber.org/agenda/simple_printable?conf_id=SI24EFMPL,captured official printable agenda
2024,AG,Aging,David M. Cutler; Kosali I. Simon; Jonathan S. Skinner,3,1,1,200,12,0,0.0,https://conference.nber.org/agenda/simple_printable?conf_id=SI24AG,captured official printable agenda
2024,AP,Asset Pricing,Ralph S. J. Koijen; Sydney C. Ludvigson,2,1,1,200,16,0,0.0,https://conference.nber.org/agenda/simple_printable?conf_id=SI24AP,captured official printable agenda
2024,EFBEM,Behavioral Macro,Andrew Caplin; Ulrike Malmendier,2,1,1,200,6,0,0.0,https://conference.nber.org/agenda/simple_printable?conf_id=SI24EFBEM,captured official printable agenda
2024,HPC,Big Data and High-Performance Computing,Toni Whited; Mao Ye,2,1,1,200,9,0,0.0,https://conference.nber.org/agenda/simple_printable?conf_id=SI24HPC,captured official printable agenda
2024,CRIWPC,CRIW Pre-Conference,Susan N. Houseman; Anne Polivka; Ayşegül Şahin,3,1,0,400,,,,https://conference.nber.org/agenda/simple_printable?conf_id=SI24CRIWPC,not captured; http_status=400; blank is not zero
2024,EFEL,Capital Markets and the Economy,Janice C. Eberly; Deborah J. Lucas,2,1,1,200,12,0,0.0,https://conference.nber.org/agenda/simple_printable?conf_id=SI24EFEL,captured official printable agenda
2024,CH,Children and Families,Janet Currie; Anna Aizer,2,1,1,200,22,0,0.0,https://conference.nber.org/agenda/simple_printable?conf_id=SI24CH,captured official printable agenda
2024,CRIW,Conference on Research in Income and Wealth,Katharine G. Abraham; Susanto Basu; David M. Byrne,3,1,1,200,18,0,0.0,https://conference.nber.org/agenda/simple_printable?conf_id=SI24PRCR,captured official printable agenda
2024,CF,Corporate Finance,Antoinette Schoar; Amir Sufi,2,1,1,200,12,0,0.0,https://conference.nber.org/agenda/simple_printable?conf_id=SI24CF,captured official printable agenda
2024,DEV,Development Economics,Shawn Cole; Oeindrila Dube; Andrew Foster; Seema Jayachandran; Supreet Kaur; Kaivan Munshi; Daniel Xu,7,1,1,200,19,0,0.0,https://conference.nber.org/agenda/simple_printable?conf_id=SI24DEV,captured official printable agenda
2024,DAE,Development of the American Economy,Martha J. Bailey; Leah Platt Boustan; William J. Collins; Joshua K. Hausman; Taylor Jaworski,5,1,1,200,31,1,0.03225806451612903,https://conference.nber.org/agenda/simple_printable?conf_id=SI24DAE,captured official printable agenda
2024,PRIT,Digital Economics and Artificial Intelligence,Erik Brynjolfsson; Avi Goldfarb; Catherine Tucker,3,1,1,200,24,1,0.041666666666666664,https://conference.nber.org/agenda/simple_printable?conf_id=SI24PRIT,captured official printable agenda
2024,DEM,Dynamic Equilibrium Models,S. Borağan Aruoba; Luigi Bocola; Jesús Fernández-Villaverde; Frank Schorfheide; Christian K. Wolf,5,1,1,200,8,0,0.0,https://conference.nber.org/agenda/simple_printable?conf_id=SI24EFSF,captured official printable agenda
2024,EFEG,EFG Program Meeting,Ellen McGrattan; Ludwig Straub,2,1,1,200,6,0,0.0,https://conference.nber.org/agenda/simple_printable?conf_id=EFGs24,captured official printable agenda
2024,EFG,Economic Growth,Ufuk Akcigit; Francisco J. Buera; David Lagakos,3,1,1,200,12,1,0.08333333333333333,https://conference.nber.org/agenda/simple_printable?conf_id=SI24EFEG,captured official printable agenda
2024,CRI,Economics of Crime,Jens Ludwig; Crystal Yang,2,1,1,200,12,0,0.0,https://conference.nber.org/agenda/simple_printable?conf_id=SI24CRI,captured official printable agenda
2024,ED,Economics of Education,Caroline M. Hoxby,1,1,1,200,8,0,0.0,https://conference.nber.org/agenda/simple_printable?conf_id=SI24ED,captured official printable agenda
2024,EH,Economics of Health,Christopher S. Carpenter; Amy Finkelstein; Joshua D. Gottlieb; Timothy Layton; Mario Macis; Analisa Packham; Maria Polyakova; Barton Willage,8,1,1,200,16,1,0.0625,https://conference.nber.org/agenda/simple_printable?conf_id=SI24EH,captured official printable agenda
2024,PESS,Economics of Social Security,Manasi Deshpande; James M. Poterba,2,1,1,200,7,0,0.0,https://conference.nber.org/agenda/simple_printable?conf_id=SI24ESS,captured official printable agenda
2024,ENT,Entrepreneurship,Yael Hochberg; Josh Lerner; David T. Robinson,3,1,1,200,8,0,0.0,https://conference.nber.org/agenda/simple_printable?conf_id=SI24PRENT,captured official printable agenda
2024,EEE,Environmental & Energy Economics,Douglas Almond; Ashley Langer; Joseph S. Shapiro; Catherine Wolfram,4,1,1,200,20,2,0.1,https://conference.nber.org/agenda/simple_printable?conf_id=SI24EEE,captured official printable agenda
2024,EFFE,Forecasting and Empirical Methods,Allan Timmermann; Jonathan H. Wright,2,1,1,200,16,0,0.0,https://conference.nber.org/agenda/simple_printable?conf_id=SI24EFFE,captured official printable agenda
2024,GE,Gender in the Economy,Jessica Goldberg; Claudia Goldin; Pamela Jakiela; Claudia Olivetti; Barbara Petrongolo,5,1,1,200,17,1,0.058823529411764705,https://conference.nber.org/agenda/simple_printable?conf_id=SI24GE,captured official printable agenda
2024,HF,Household Finance,Paul Goldsmith-Pinkham; Adair Morse; Stephen P. Zeldes,3,1,1,200,16,1,0.0625,https://conference.nber.org/agenda/simple_printable?conf_id=SI24HF,captured official printable agenda
2024,IFMDS,IFM Data Session,Jesse Schreger; Chenzi Xu,2,1,1,200,6,0,0.0,https://conference.nber.org/agenda/simple_printable?conf_id=SI24IFMDS,captured official printable agenda
2024,IPM,Impulse and Propagation Mechanisms,Lawrence Christiano; Martin S. Eichenbaum,2,1,1,200,20,0,0.0,https://conference.nber.org/agenda/simple_printable?conf_id=SI24EFCE,captured official printable agenda
2024,IO,Industrial Organization,C. Lanier Benkard; Tobias Salz; Pietro Tebaldi; Daniel C. Waldinger,4,1,1,200,11,0,0.0,https://conference.nber.org/agenda/simple_printable?conf_id=SI24IO,captured official printable agenda
2024,EFDIS,Inequality and the Macroeconomy,Roland Bénabou; Raquel Fernández; Jonathan Heathcote,3,1,1,200,12,0,0.0,https://conference.nber.org/agenda/simple_printable?conf_id=SI24EFDIS,captured official printable agenda
2024,PRINN,Innovation,Adam B. Jaffe; Benjamin Jones; Heidi L. Williams,3,1,1,200,11,0,0.0,https://conference.nber.org/agenda/simple_printable?conf_id=SI24PRINN,captured official printable agenda
2024,IEG,International Economics and Geopolitics,Matteo Maggiori; Jesse Schreger,2,1,1,200,7,0,0.0,https://conference.nber.org/agenda/simple_printable?conf_id=SI24IEG,captured official printable agenda
2024,IFM,International Finance & Macroeconomics,Stephanie Schmitt-Grohé; Pablo Ottonello,2,1,1,200,12,0,0.0,https://conference.nber.org/agenda/simple_printable?conf_id=SI24IFM,captured official printable agenda
2024,ITI,International Trade & Investment,Cécile Gaubert; Oleg Itskhoki,2,1,1,200,12,0,0.0,https://conference.nber.org/agenda/simple_printable?conf_id=SI24ITI,captured official printable agenda
2024,ITM,International Trade & Macroeconomics,Yan Bai; Javier Cravino,2,1,1,200,4,0,0.0,https://conference.nber.org/agenda/simple_printable?conf_id=SI24ITM,captured official printable agenda
2024,LS,Labor Studies,David Autor; Sydnee Caldwell; Andrew Garin; Patrick M. Kline; Thibaut Lamadon; Alexandre Mas; Evan K. Rose; Melanie Wasserman,8,1,1,200,34,1,0.029411764705882353,https://conference.nber.org/agenda/simple_printable?conf_id=SI24LS,captured official printable agenda
2024,LE,Law and Economics,Christine Jolls,1,1,1,200,9,0,0.0,https://conference.nber.org/agenda/simple_printable?conf_id=SI24LE,captured official printable agenda
2024,MPF,Macro Public Finance,Dirk Krueger; Florian Scheuer; Stefanie Stantcheva; Aleh Tsyvinski,4,1,1,200,8,0,0.0,https://conference.nber.org/agenda/simple_printable?conf_id=SI24MPF,captured official printable agenda
2024,EFMB,Macro Within and Across Borders,Mark A. Aguiar; Cristina Arellano; Patrick J. Kehoe; Mark L.J. Wright,4,1,1,200,6,1,0.16666666666666666,https://conference.nber.org/agenda/simple_printable?conf_id=SI24EFMB,captured official printable agenda
2024,MEFM,"Macro, Money and Financial Frictions",Markus K. Brunnermeier; Arvind Krishnamurthy; Guillermo Ordoñez,3,1,1,200,10,0,0.0,https://conference.nber.org/agenda/simple_printable?conf_id=SI24MEFM,captured official printable agenda
2024,PRMP,Macroeconomics and Productivity,Susanto Basu; Nicholas Bloom; Raffaella Sadun; Chad Syverson,4,1,1,200,7,0,0.0,https://conference.nber.org/agenda/simple_printable?conf_id=SI24PRMP,captured official printable agenda
2024,EFMM,Micro Data and Macro Models,Erik Hurst; Greg Kaplan; Giovanni L. Violante,3,1,1,200,16,0,0.0,https://conference.nber.org/agenda/simple_printable?conf_id=SI24EFMM,captured official printable agenda
2024,ME,Monetary Economics,Emi Nakamura; Jón Steinsson,2,1,1,200,19,0,0.0,https://conference.nber.org/agenda/simple_printable?conf_id=SI24ME,captured official printable agenda
2024,PPL,Personnel Economics,Mitchell Hoffman; Lisa B. Kahn,2,1,1,200,14,0,0.0,https://conference.nber.org/agenda/simple_printable?conf_id=SI24PPL,captured official printable agenda
2024,POL,Political Economy,Wioletta Dziuda; Georgy Egorov; Ilyana Kuziemko; Guo Xu,4,1,1,200,12,0,0.0,https://conference.nber.org/agenda/simple_printable?conf_id=SI24POL,captured official printable agenda
2024,PE,Public Economics,Augustin Bergeron; Raj Chetty; Eric Chyn; Benjamin B. Lockwood; Maria Polyakova; Mathilde Muñoz; Tatiana Homonoff,7,1,1,200,11,2,0.18181818181818182,https://conference.nber.org/agenda/simple_printable?conf_id=SI24PE,captured official printable agenda
2024,REAL,Real Estate,Tomasz Piskorski; Benjamin J. Keys,2,1,1,200,17,0,0.0,https://conference.nber.org/agenda/simple_printable?conf_id=SI24REAL,captured official printable agenda
2024,SIP,Science of Science Funding,Megan MacGarvie; Paula Stephan; Reinhilde Veugelers,3,1,1,200,16,0,0.0,https://conference.nber.org/agenda/simple_printable?conf_id=SI24SF,captured official printable agenda
2024,URB,Urban Economics,Edward L. Glaeser,1,1,1,200,26,0,0.0,https://conference.nber.org/agenda/simple_printable?conf_id=SI24URB,captured official printable agenda
2025,EFMPL,Aggregate Labor Market,Philipp Kircher; Guido Menzio; Giuseppe Moscarini,3,1,1,200,18,0,0.0,https://conference.nber.org/agenda/simple_printable?conf_id=SI25EFMPL,captured official printable agenda
2025,AG,Aging,David M. Cutler; Kosali I. Simon; Jonathan S. Skinner,3,1,1,200,12,1,0.08333333333333333,https://conference.nber.org/agenda/simple_printable?conf_id=SI25AG,captured official printable agenda
2025,AP,Asset Pricing,Ralph S. J. Koijen; Sydney C. Ludvigson,2,1,1,200,14,0,0.0,https://conference.nber.org/agenda/simple_printable?conf_id=SI25AP,captured official printable agenda
2025,EFBEM,Behavioral Macro,Andrew Caplin; Ulrike Malmendier,2,1,1,200,6,0,0.0,https://conference.nber.org/agenda/simple_printable?conf_id=SI25EFBEM,captured official printable agenda
2025,HPC,Big Data and High-Performance Computing,Toni Whited; Mao Ye,2,1,1,200,9,0,0.0,https://conference.nber.org/agenda/simple_printable?conf_id=SI25HPC,captured official printable agenda
2025,CRIWPC,CRIW Pre-Conference,Thesia Garner; Joseph Gyourko; Sonya Porter,3,1,0,400,,,,https://conference.nber.org/agenda/simple_printable?conf_id=SI25CRIWPC,not captured; http_status=400; blank is not zero
2025,EFEL,Capital Markets and the Economy,Janice C. Eberly; Deborah J. Lucas,2,1,1,200,12,0,0.0,https://conference.nber.org/agenda/simple_printable?conf_id=SI25EFEL,captured official printable agenda
2025,CH,Children and Families,Anna Aizer; Janet Currie,2,1,1,200,24,1,0.041666666666666664,https://conference.nber.org/agenda/simple_printable?conf_id=SI25CH,captured official printable agenda
2025,CRIW,Conference on Research in Income and Wealth,Susanto Basu; David M. Byrne; Karen Dynan,3,1,1,200,16,0,0.0,https://conference.nber.org/agenda/simple_printable?conf_id=SI25PRCR,captured official printable agenda
2025,CF,Corporate Finance,Antoinette Schoar; Amir Sufi,2,1,1,200,12,0,0.0,https://conference.nber.org/agenda/simple_printable?conf_id=SI25CF,captured official printable agenda
2025,DEV,Development Economics,Arya Gaduh; Rema Hanna; Seema Jayachandran; Joseph P. Kaboski; Cynthia Kinnan; Ahmed Mushfiq Mobarak; Gautam Rao; Dean Yang,8,1,1,200,17,1,0.058823529411764705,https://conference.nber.org/agenda/simple_printable?conf_id=SI25DEV,captured official printable agenda
2025,DAE,Development of the American Economy,Leah Platt Boustan; William J. Collins; Shari Eli; Eric Hilt; Taylor Jaworski,5,1,1,200,31,0,0.0,https://conference.nber.org/agenda/simple_printable?conf_id=SI25DAE,captured official printable agenda
2025,PRIT,Digital Economics and Artificial Intelligence,Erik Brynjolfsson; Avi Goldfarb; Catherine Tucker,3,1,1,200,25,1,0.04,https://conference.nber.org/agenda/simple_printable?conf_id=SI25PRIT,captured official printable agenda
2025,DEM,Dynamic Equilibrium Models,S. Borağan Aruoba; Luigi Bocola; Jesús Fernández-Villaverde; Christian K. Wolf,4,1,1,200,7,0,0.0,https://conference.nber.org/agenda/simple_printable?conf_id=SI25EFSF,captured official printable agenda
2025,EFEG,EFG Program Meeting,Yueran Ma; Michael Peters,2,1,1,200,6,0,0.0,https://conference.nber.org/agenda/simple_printable?conf_id=SI25EFG,captured official printable agenda
2025,EFG,Economic Growth,Ufuk Akcigit; Francisco J. Buera; David Lagakos,3,1,1,200,12,0,0.0,https://conference.nber.org/agenda/simple_printable?conf_id=SI25EFEG,captured official printable agenda
2025,CRI,Economics of Crime,Jens Ludwig; Crystal Yang,2,1,1,200,12,0,0.0,https://conference.nber.org/agenda/simple_printable?conf_id=SI25CRI,captured official printable agenda
2025,ED,Economics of Education,Caroline M. Hoxby,1,1,1,200,8,1,0.125,https://conference.nber.org/agenda/simple_printable?conf_id=SI25ED,captured official printable agenda
2025,EH,Economics of Health,Colleen Carey; Christopher S. Carpenter; Paul J. Eliason; Amy Finkelstein; Sarah Miller; Erik T. Nesson; Adam Sacarny; Meghan Skira,8,1,1,200,17,1,0.058823529411764705,https://conference.nber.org/agenda/simple_printable?conf_id=SI25EH,captured official printable agenda
2025,PESS,Economics of Social Security,Manasi Deshpande; James M. Poterba,2,1,1,200,6,0,0.0,https://conference.nber.org/agenda/simple_printable?conf_id=SI25ESS,captured official printable agenda
2025,ENT,Entrepreneurship,Yael Hochberg; Josh Lerner; David T. Robinson,3,1,1,200,8,0,0.0,https://conference.nber.org/agenda/simple_printable?conf_id=SI25PRENT,captured official printable agenda
2025,EEE,Environmental & Energy Economics,Hannah Druckenmiller; Meredith Fowlie; Will Rafey; Nicholas Ryan,4,1,1,200,18,0,0.0,https://conference.nber.org/agenda/simple_printable?conf_id=SI25EEE,captured official printable agenda
2025,EFFE,Forecasting and Empirical Methods,Allan Timmermann; Jonathan H. Wright,2,1,1,200,16,0,0.0,https://conference.nber.org/agenda/simple_printable?conf_id=SI25EFFE,captured official printable agenda
2025,EM,Frontier Econometric Methods,Isaiah Andrews; Susan Athey; Christopher R. Walters,3,1,1,200,6,0,0.0,https://conference.nber.org/agenda/simple_printable?conf_id=SI25EM,captured official printable agenda
2025,GE,Gender in the Economy,Marcella Alsan; Jessica Goldberg; Claudia Goldin; Claudia Olivetti; Melanie Wasserman,5,1,1,200,23,0,0.0,https://conference.nber.org/agenda/simple_printable?conf_id=SI25GE,captured official printable agenda
2025,HF,Household Finance,Janet Gao; Adair Morse; Stephen P. Zeldes,3,1,1,200,16,0,0.0,https://conference.nber.org/agenda/simple_printable?conf_id=SI25HF,captured official printable agenda
2025,IFMDS,IFM Data Session,Jesse Schreger; Chenzi Xu,2,1,1,200,5,1,0.2,https://conference.nber.org/agenda/simple_printable?conf_id=SI25IFMDS,captured official printable agenda
2025,IPM,Impulse and Propagation Mechanisms,Lawrence Christiano; Martin S. Eichenbaum,2,1,1,200,20,0,0.0,https://conference.nber.org/agenda/simple_printable?conf_id=SI25EFCE,captured official printable agenda
2025,IO,Industrial Organization,Milena Almagro; Mert Demirer; Liran Einav; Charles Hodgson; Stephen P. Ryan,5,1,1,200,10,0,0.0,https://conference.nber.org/agenda/simple_printable?conf_id=SI25IO,captured official printable agenda
2025,EFDIS,Inequality and the Macroeconomy,Roland Bénabou; Raquel Fernández; Jonathan Heathcote,3,1,1,200,12,0,0.0,https://conference.nber.org/agenda/simple_printable?conf_id=SI25EFDIS,captured official printable agenda
2025,PRINN,Innovation,Adam B. Jaffe; Benjamin Jones; Heidi L. Williams,3,1,1,200,11,0,0.0,https://conference.nber.org/agenda/simple_printable?conf_id=SI25PRINN,captured official printable agenda
2025,IAP,International Asset Pricing,Karen K. Lewis; Adrien Verdelhan,2,1,1,200,9,0,0.0,https://conference.nber.org/agenda/simple_printable?conf_id=SI25IAP,captured official printable agenda
2025,IEG,International Economics and Geopolitics,Matteo Maggiori; Jesse Schreger,2,1,1,200,7,0,0.0,https://conference.nber.org/agenda/simple_printable?conf_id=SI25IEG,captured official printable agenda
2025,IFM,International Finance & Macroeconomics,Pablo Ottonello; Vincenzo Quadrini,2,1,1,200,12,0,0.0,https://conference.nber.org/agenda/simple_printable?conf_id=SI25IFM,captured official printable agenda
2025,ITI,International Trade & Investment,Treb Allen; Cécile Gaubert,2,1,1,200,11,0,0.0,https://conference.nber.org/agenda/simple_printable?conf_id=SI25ITI,captured official printable agenda
2025,ITM,International Trade & Macroeconomics,Yan Bai; Michael E. Waugh,2,1,1,200,4,0,0.0,https://conference.nber.org/agenda/simple_printable?conf_id=SI25ITM,captured official printable agenda
2025,LS,Labor Studies,David Arnold; David Autor; Zoë B. Cullen; Alessandra Fenizia; Matthew S. Johnson; Kurt J. Lavetti; Alexandre Mas; Pascual Restrepo; Nina Roussille,9,1,1,200,27,2,0.07407407407407407,https://conference.nber.org/agenda/simple_printable?conf_id=SI25LS,captured official printable agenda
2025,LE,Law and Economics,Christine Jolls,1,1,1,200,9,0,0.0,https://conference.nber.org/agenda/simple_printable?conf_id=SI25LE,captured official printable agenda
2025,MPF,Macro Public Finance,Dirk Krueger; Florian Scheuer; Stefanie Stantcheva; Aleh Tsyvinski,4,1,1,200,8,1,0.125,https://conference.nber.org/agenda/simple_printable?conf_id=SI25MPF,captured official printable agenda
2025,EFMB,Macro Within and Across Borders,Mark A. Aguiar; Cristina Arellano; Patrick J. Kehoe; Mark L.J. Wright,4,1,1,200,6,1,0.16666666666666666,https://conference.nber.org/agenda/simple_printable?conf_id=SI25EFMB,captured official printable agenda
2025,MEFM,"Macro, Money and Financial Frictions",Markus K. Brunnermeier; Arvind Krishnamurthy; Guillermo Ordoñez,3,1,1,200,9,0,0.0,https://conference.nber.org/agenda/simple_printable?conf_id=SI25MEFM,captured official printable agenda
2025,PRMP,Macroeconomics and Productivity,Susanto Basu; Nicholas Bloom; Raffaella Sadun; Chad Syverson,4,1,1,200,8,0,0.0,https://conference.nber.org/agenda/simple_printable?conf_id=SI25PRMP,captured official printable agenda
2025,EFMM,Micro Data and Macro Models,Erik Hurst; Greg Kaplan; Giovanni L. Violante,3,1,1,200,16,1,0.0625,https://conference.nber.org/agenda/simple_printable?conf_id=SI25EFMM,captured official printable agenda
2025,ME,Monetary Economics,Emi Nakamura; Jón Steinsson,2,1,1,200,19,0,0.0,https://conference.nber.org/agenda/simple_printable?conf_id=SI25ME,captured official printable agenda
2025,PPL,Personnel Economics,Mitchell Hoffman; Fabian Lange,2,1,1,200,16,0,0.0,https://conference.nber.org/agenda/simple_printable?conf_id=SI25PPL,captured official printable agenda
2025,POL,Political Economy,Filipe R. Campante; Karam Kang; Nancy Qian; Romain Wacziarg,4,1,1,200,12,0,0.0,https://conference.nber.org/agenda/simple_printable?conf_id=SI25POL,captured official printable agenda
2025,PE,Public Economics,Raj Chetty; Itzik Fadlon; Tatiana Homonoff; Benjamin B. Lockwood; Mathilde Muñoz; Maria Polyakova,6,1,1,200,11,2,0.18181818181818182,https://conference.nber.org/agenda/simple_printable?conf_id=SI25PE,captured official printable agenda
2025,REAL,Real Estate,Christopher Palmer; Tomasz Piskorski; Winnie van Dijk; Maisy Wong,4,1,1,200,18,1,0.05555555555555555,https://conference.nber.org/agenda/simple_printable?conf_id=SI25REAL,captured official printable agenda
2025,SIP,Science of Science Funding,Megan MacGarvie; Paula Stephan; Reinhilde Veugelers,3,1,1,200,14,0,0.0,https://conference.nber.org/agenda/simple_printable?conf_id=SI25SF,captured official printable agenda
2025,URB,Urban Economics,Rebecca Diamond; Jonathan I. Dingel; Edward L. Glaeser,3,1,1,200,26,0,0.0,https://conference.nber.org/agenda/simple_printable?conf_id=SI25URB,captured official printable agenda
2026,EFMPL,Aggregate Labor Market,Philipp Kircher; Guido Menzio; Giuseppe Moscarini,3,1,1,200,18,1,0.05555555555555555,https://conference.nber.org/agenda/simple_printable?conf_id=SI26EFMPL,captured official printable agenda
2026,AG,Aging,David M. Cutler; Kosali I. Simon; Jonathan S. Skinner,3,1,1,200,17,2,0.11764705882352941,https://conference.nber.org/agenda/simple_printable?conf_id=SI26AG,captured official printable agenda
2026,AP,Asset Pricing,Andrea L. Eisfeldt; Sydney C. Ludvigson,2,1,1,200,14,0,0.0,https://conference.nber.org/agenda/simple_printable?conf_id=SI26AP,captured official printable agenda
2026,EFBEM,Behavioral Macro,Andrew Caplin; Ulrike Malmendier,2,1,1,200,6,2,0.3333333333333333,https://conference.nber.org/agenda/simple_printable?conf_id=SI26EFBEM,captured official printable agenda
2026,EFEL,Capital Markets and the Economy,Janice C. Eberly; Deborah J. Lucas,2,1,1,200,12,0,0.0,https://conference.nber.org/agenda/simple_printable?conf_id=SI26EFEL,captured official printable agenda
2026,CH,Children and Families,Anna Aizer; Janet Currie,2,1,1,200,24,0,0.0,https://conference.nber.org/agenda/simple_printable?conf_id=SI26CH,captured official printable agenda
2026,CRIW,Conference on Research in Income and Wealth,Susanto Basu; David M. Byrne; Karen Dynan,3,1,1,200,16,0,0.0,https://conference.nber.org/agenda/simple_printable?conf_id=SI26PRCR,captured official printable agenda
2026,CF,Corporate Finance,Antoinette Schoar; Amir Sufi,2,1,1,200,12,0,0.0,https://conference.nber.org/agenda/simple_printable?conf_id=SI26CF,captured official printable agenda
2026,DEV,Development Economics,Vittorio Bassi; Jing Cai; Eric V. Edmonds; Frederico Finan; Douglas Gollin; Seema Jayachandran; Melanie Morten; Sandip Sukhtankar,8,1,1,200,17,0,0.0,https://conference.nber.org/agenda/simple_printable?conf_id=SI26DEV,captured official printable agenda
2026,DAE,Development of the American Economy,Leah Platt Boustan; William J. Collins; Shari Eli; James J. Feigenbaum; Eric Hilt,5,1,1,200,31,1,0.03225806451612903,https://conference.nber.org/agenda/simple_printable?conf_id=SI26DAE,captured official printable agenda
2026,PRIT,Digital Economics and Artificial Intelligence,Erik Brynjolfsson; Avi Goldfarb; Catherine Tucker,3,1,1,200,28,1,0.03571428571428571,https://conference.nber.org/agenda/simple_printable?conf_id=SI26PRIT,captured official printable agenda
2026,DEM,Dynamic Equilibrium Models,S. Borağan Aruoba; Luigi Bocola; Jesús Fernández-Villaverde; Christian K. Wolf,4,1,1,200,9,0,0.0,https://conference.nber.org/agenda/simple_printable?conf_id=SI26EFSF,captured official printable agenda
2026,EFEG,EFG Program Meeting,Mark Gertler; Peter J. Klenow,2,1,1,200,12,1,0.08333333333333333,https://conference.nber.org/agenda/simple_printable?conf_id=SI26EFG,captured official printable agenda
2026,EFG,Economic Growth and Long-Run Macroeconomic Development,Michael Peters; Tommaso Porzio; Pascual Restrepo,3,1,1,200,12,0,0.0,https://conference.nber.org/agenda/simple_printable?conf_id=SI26EFEG,captured official printable agenda
2026,CRI,Economics of Crime,Jens Ludwig; Crystal Yang,2,1,1,200,12,2,0.16666666666666666,https://conference.nber.org/agenda/simple_printable?conf_id=SI26CRI,captured official printable agenda
2026,ED,Economics of Education,Caroline M. Hoxby,1,1,1,200,9,0,0.0,https://conference.nber.org/agenda/simple_printable?conf_id=SI26ED,captured official printable agenda
2026,EH,Economics of Health,Abby E. Alpert; Marika Cabral; Christopher S. Carpenter; Amy Finkelstein; Atul Gupta; Petra Persson; Michael R. Richards; Molly Schnell,8,1,1,200,18,1,0.05555555555555555,https://conference.nber.org/agenda/simple_printable?conf_id=SI26EH,captured official printable agenda
2026,PESS,Economics of Social Security,Manasi Deshpande; James M. Poterba,2,1,1,200,8,0,0.0,https://conference.nber.org/agenda/simple_printable?conf_id=SI26ESS,captured official printable agenda
2026,ENT,Entrepreneurship,Yael Hochberg; Josh Lerner; David T. Robinson,3,1,1,200,8,0,0.0,https://conference.nber.org/agenda/simple_printable?conf_id=SI26PRENT,captured official printable agenda
2026,EEE,Environmental & Energy Economics,Lint Barrage; Ryan Kellogg; Anna Russo; Wolfram Schlenker,4,1,1,200,17,1,0.058823529411764705,https://conference.nber.org/agenda/simple_printable?conf_id=SI26EEE,captured official printable agenda
2026,FMS,Financial Market Structure,Tarun Chordia; Paolo Pasquariello; Gideon Saar; Mao Ye,4,1,1,200,6,0,0.0,https://conference.nber.org/agenda/simple_printable?conf_id=SI26HPC,captured official printable agenda
2026,EFFE,Forecasting and Empirical Methods,Allan Timmermann; Jonathan H. Wright,2,1,1,200,16,1,0.0625,https://conference.nber.org/agenda/simple_printable?conf_id=SI26EFFE,captured official printable agenda
2026,EM,Frontier Econometric Methods,Isaiah Andrews; Susan Athey; Christopher R. Walters,3,1,1,200,6,0,0.0,https://conference.nber.org/agenda/simple_printable?conf_id=SI26EM,captured official printable agenda
2026,GE,Gender in the Economy,Taryn Dinkelman; Jessica Goldberg; Claudia Goldin; Claudia Olivetti; Melanie Wasserman,5,1,1,200,20,0,0.0,https://conference.nber.org/agenda/simple_printable?conf_id=SI26GE,captured official printable agenda
2026,HF,Household Finance,Raymond Kluender; Adair Morse; Stephen P. Zeldes,3,1,1,200,15,0,0.0,https://conference.nber.org/agenda/simple_printable?conf_id=SI26HF,captured official printable agenda
2026,IFMDS,IFM Data Session,Jesse Schreger; Chenzi Xu,2,1,1,200,4,0,0.0,https://conference.nber.org/agenda/simple_printable?conf_id=SI26IFMDS,captured official printable agenda
2026,IPM,Impulse and Propagation Mechanisms,Lawrence Christiano; Martin S. Eichenbaum,2,1,1,200,20,0,0.0,https://conference.nber.org/agenda/simple_printable?conf_id=SI26EFCE,captured official printable agenda
2026,IO,Industrial Organization,Meghan R. Busse; Juan Camilo Castillo; Allan Collard-Wexler; Liran Einav; Benjamin Rosa,5,1,1,200,11,0,0.0,https://conference.nber.org/agenda/simple_printable?conf_id=SI26IO,captured official printable agenda
2026,EFDIS,Inequality and the Macroeconomy,Roland Bénabou; Raquel Fernández; Jonathan Heathcote,3,1,1,200,13,0,0.0,https://conference.nber.org/agenda/simple_printable?conf_id=SI26EFDIS,captured official printable agenda
2026,PRINN,Innovation,Benjamin Jones; Heidi L. Williams,2,1,1,200,11,0,0.0,https://conference.nber.org/agenda/simple_printable?conf_id=SI26PRINN,captured official printable agenda
2026,IEG,International Economics and Geopolitics,Matteo Maggiori; Jesse Schreger,2,1,1,200,6,0,0.0,https://conference.nber.org/agenda/simple_printable?conf_id=SI26IEG,captured official printable agenda
2026,IFM,International Finance & Macroeconomics,Pablo Ottonello; Vincenzo Quadrini,2,1,1,200,9,0,0.0,https://conference.nber.org/agenda/simple_printable?conf_id=SI26IFM,captured official printable agenda
2026,ITI,International Trade & Investment,Treb Allen; Natalia Ramondo,2,1,1,200,12,0,0.0,https://conference.nber.org/agenda/simple_printable?conf_id=SI26ITI,captured official printable agenda
2026,ITM,International Trade & Macroeconomics,Yan Bai; Michael E. Waugh,2,1,1,200,4,0,0.0,https://conference.nber.org/agenda/simple_printable?conf_id=SI26ITM,captured official printable agenda
2026,LS,Labor Studies,Abi Adams; David Autor; Anders Humlum; Lisa B. Kahn; Lorenzo Lagos; Alexandre Mas; Joseph Price; Simon Quach; Raffaele Saggio,9,1,1,200,29,7,0.2413793103448276,https://conference.nber.org/agenda/simple_printable?conf_id=SI26LS,captured official printable agenda
2026,LE,Law and Economics,Christine Jolls,1,1,1,200,9,0,0.0,https://conference.nber.org/agenda/simple_printable?conf_id=SI26LE,captured official printable agenda
2026,MPF,Macro Public Finance,Dirk Krueger; Florian Scheuer; Stefanie Stantcheva; Aleh Tsyvinski,4,1,1,200,8,0,0.0,https://conference.nber.org/agenda/simple_printable?conf_id=SI26MPF,captured official printable agenda
2026,EFMB,Macro Within and Across Borders,Mark A. Aguiar; Cristina Arellano; Patrick J. Kehoe; Mark L.J. Wright,4,1,1,200,6,2,0.3333333333333333,https://conference.nber.org/agenda/simple_printable?conf_id=SI26EFMB,captured official printable agenda
2026,MEFM,"Macro, Money and Financial Frictions",Markus K. Brunnermeier; Arvind Krishnamurthy; Guillermo Ordoñez,3,1,1,200,9,0,0.0,https://conference.nber.org/agenda/simple_printable?conf_id=SI26MEFM,captured official printable agenda
2026,PRMP,Macroeconomics and Productivity,Susanto Basu; Nicholas Bloom; Raffaella Sadun; Chad Syverson,4,1,1,200,8,0,0.0,https://conference.nber.org/agenda/simple_printable?conf_id=SI26PRMP,captured official printable agenda
2026,EFMM,Micro Data and Macro Models,Erik Hurst; Greg Kaplan; Giovanni L. Violante,3,1,1,200,16,1,0.0625,https://conference.nber.org/agenda/simple_printable?conf_id=SI26EFMM,captured official printable agenda
2026,ME,Monetary Economics,Emi Nakamura; Jón Steinsson,2,1,1,200,19,0,0.0,https://conference.nber.org/agenda/simple_printable?conf_id=SI26ME,captured official printable agenda
2026,PPL,Personnel Economics,Alan M. Benson; Mitchell Hoffman,2,1,1,200,14,1,0.07142857142857142,https://conference.nber.org/agenda/simple_printable?conf_id=SI26PPL,captured official printable agenda
2026,POL,Political Economy,Stelios Michalopoulos; Vincent Pons; Enrico Spolaore; Stefanie Stantcheva,4,1,1,200,11,0,0.0,https://conference.nber.org/agenda/simple_printable?conf_id=SI26POL,captured official printable agenda
2026,PE,Public Economics,Naoki Aizawa; Raj Chetty; Itzik Fadlon; Tatiana Homonoff; Lee Lockwood; Mathilde Muñoz; Maria Polyakova,7,1,1,200,11,1,0.09090909090909091,https://conference.nber.org/agenda/simple_printable?conf_id=SI26PE,captured official printable agenda
2026,REAL,Real Estate,Milena Almagro; Adam Guren; Benjamin J. Keys; Tomasz Piskorski,4,1,1,200,16,0,0.0,https://conference.nber.org/agenda/simple_printable?conf_id=SI26REAL,captured official printable agenda
2026,SIP,Science of Science Funding,Megan MacGarvie; Paula Stephan; Reinhilde Veugelers,3,1,1,200,14,1,0.07142857142857142,https://conference.nber.org/agenda/simple_printable?conf_id=SI26SF,captured official printable agenda
2026,URB,Urban Economics,Rebecca Diamond; Jonathan I. Dingel; Edward L. Glaeser,3,1,1,200,22,1,0.045454545454545456,https://conference.nber.org/agenda/simple_printable?conf_id=SI26URB,captured official printable agenda
