year,program_code,conference_id,http_status,agenda_captured,papers_parsed,html_bytes,source_url
2020,AG,SI20AG,200,1,12,14893,https://conference.nber.org/agenda/simple_printable?conf_id=SI20AG
2020,AP,SI20AP,200,1,13,20374,https://conference.nber.org/agenda/simple_printable?conf_id=SI20AP
2020,EFBEM,SI20EFBEM,200,1,5,7957,https://conference.nber.org/agenda/simple_printable?conf_id=SI20EFBEM
2020,EFEL,SI20EFEL,200,1,12,17371,https://conference.nber.org/agenda/simple_printable?conf_id=SI20EFEL
2020,CH,SI20CH,200,1,14,17430,https://conference.nber.org/agenda/simple_printable?conf_id=SI20CH
2020,CRIW,SI20PRCR,200,1,12,18329,https://conference.nber.org/agenda/simple_printable?conf_id=SI20PRCR
2020,CF,SI20CF,200,1,16,24564,https://conference.nber.org/agenda/simple_printable?conf_id=SI20CF
2020,DEV,SI20DEV,200,1,19,25197,https://conference.nber.org/agenda/simple_printable?conf_id=SI20DEV
2020,DAE,SI20DAE,200,1,24,29391,https://conference.nber.org/agenda/simple_printable?conf_id=SI20DAE
2020,EFEG,EFGs20,200,1,5,11941,https://conference.nber.org/agenda/simple_printable?conf_id=EFGs20
2020,EFG,SI20EFEG,200,1,12,17891,https://conference.nber.org/agenda/simple_printable?conf_id=SI20EFEG
2020,CRI,SI20CRI,200,1,14,19717,https://conference.nber.org/agenda/simple_printable?conf_id=SI20CRI
2020,ED,SI20ED,200,1,10,12863,https://conference.nber.org/agenda/simple_printable?conf_id=SI20ED
2020,PENS,SI20PENS,200,1,5,8250,https://conference.nber.org/agenda/simple_printable?conf_id=SI20PENS
2020,PESS,SI20ESS,200,1,4,5856,https://conference.nber.org/agenda/simple_printable?conf_id=SI20ESS
2020,ENT,SI20PRENT,200,1,12,14162,https://conference.nber.org/agenda/simple_printable?conf_id=SI20PRENT
2020,EEE,SI20EEE,200,1,10,18797,https://conference.nber.org/agenda/simple_printable?conf_id=SI20EEE
2020,GE,SI20GE,200,1,11,25454,https://conference.nber.org/agenda/simple_printable?conf_id=SI20GE
2020,HC,SI20HC,200,1,7,13279,https://conference.nber.org/agenda/simple_printable?conf_id=SI20HC
2020,HE,SI20HE,200,1,7,11815,https://conference.nber.org/agenda/simple_printable?conf_id=SI20HE
2020,HF,SI20HF,200,1,8,14060,https://conference.nber.org/agenda/simple_printable?conf_id=SI20HF
2020,IFMDS,SI20IFMDS,200,1,5,6640,https://conference.nber.org/agenda/simple_printable?conf_id=SI20IFMDS
2020,PRIT,SI20PRIT,200,1,31,34719,https://conference.nber.org/agenda/simple_printable?conf_id=SI20PRIT
2020,IPM,SI20EFCE,200,1,17,20299,https://conference.nber.org/agenda/simple_printable?conf_id=SI20EFCE
2020,EFDIS,SI20EFDIS,200,1,6,7989,https://conference.nber.org/agenda/simple_printable?conf_id=SI20EFDIS
2020,IO,SI20IO,200,1,10,17679,https://conference.nber.org/agenda/simple_printable?conf_id=SI20IO
2020,PRINN,SI20PRINN,200,1,8,12578,https://conference.nber.org/agenda/simple_printable?conf_id=SI20PRINN
2020,IFM,SI20IFM,200,1,9,16107,https://conference.nber.org/agenda/simple_printable?conf_id=SI20IFM
2020,ITI,SI20ITI,200,1,20,32686,https://conference.nber.org/agenda/simple_printable?conf_id=SI20ITI
2020,ITM,SI20ITM,200,1,5,9143,https://conference.nber.org/agenda/simple_printable?conf_id=SI20ITM
2020,LS,SI20LS,200,1,16,24991,https://conference.nber.org/agenda/simple_printable?conf_id=SI20LS
2020,LE,SI20LE,200,1,4,6385,https://conference.nber.org/agenda/simple_printable?conf_id=SI20LE
2020,EFMPL,SI20EFMPL,200,1,9,11356,https://conference.nber.org/agenda/simple_printable?conf_id=SI20EFMPL
2020,MPF,SI20MPF,200,1,4,4843,https://conference.nber.org/agenda/simple_printable?conf_id=SI20MPF
2020,EFMB,SI20EFMB,200,1,4,6129,https://conference.nber.org/agenda/simple_printable?conf_id=SI20EFMB
2020,MEFM,SI20MEFM,200,1,11,17596,https://conference.nber.org/agenda/simple_printable?conf_id=SI20MEFM
2020,PRMP,SI20PRMP,200,1,6,8008,https://conference.nber.org/agenda/simple_printable?conf_id=SI20PRMP
2020,EFMM,SI20EFMM,200,1,7,12511,https://conference.nber.org/agenda/simple_printable?conf_id=SI20EFMM
2020,ME,SI20ME,200,1,19,23775,https://conference.nber.org/agenda/simple_printable?conf_id=SI20ME
2020,PPL,SI20PPL,200,1,9,14400,https://conference.nber.org/agenda/simple_printable?conf_id=SI20PPL
2020,POL,SI20POL,200,1,5,10665,https://conference.nber.org/agenda/simple_printable?conf_id=SI20POL
2020,PRPD,SI20PRPD,200,1,5,8119,https://conference.nber.org/agenda/simple_printable?conf_id=SI20PRPD
2020,PE,SI20PE,200,1,12,17009,https://conference.nber.org/agenda/simple_printable?conf_id=SI20PE
2020,REAL,SI20REAL,200,1,14,18280,https://conference.nber.org/agenda/simple_printable?conf_id=SI20REAL
2020,RISK,SI20RISK,200,1,11,17235,https://conference.nber.org/agenda/simple_printable?conf_id=SI20RISK
2020,SIP,SI20PRSF,200,1,5,11577,https://conference.nber.org/agenda/simple_printable?conf_id=SI20PRSF
2020,URB,SI20URB,200,1,26,34718,https://conference.nber.org/agenda/simple_printable?conf_id=SI20URB
2021,AG,SI21AG,200,1,18,20350,https://conference.nber.org/agenda/simple_printable?conf_id=SI21AG
2021,AP,SI21AP,200,1,10,16810,https://conference.nber.org/agenda/simple_printable?conf_id=SI21AP
2021,EFBEM,SI21EFBEM,200,1,5,7355,https://conference.nber.org/agenda/simple_printable?conf_id=SI21EFBEM
2021,HPC,SI21HPC,200,1,14,18245,https://conference.nber.org/agenda/simple_printable?conf_id=SI21HPC
2021,EFEL,SI21EFEL,200,1,12,17002,https://conference.nber.org/agenda/simple_printable?conf_id=SI21EFEL
2021,CH,SI21CH,200,1,16,17256,https://conference.nber.org/agenda/simple_printable?conf_id=SI21CH
2021,CRIW,SI21PRCR,200,1,14,19351,https://conference.nber.org/agenda/simple_printable?conf_id=SI21PRCR
2021,CF,SI21CF,200,1,12,16535,https://conference.nber.org/agenda/simple_printable?conf_id=SI21CF
2021,DEV,SI21DEV,200,1,12,16127,https://conference.nber.org/agenda/simple_printable?conf_id=SI21DEV
2021,DAE,SI21DAE,200,1,24,28339,https://conference.nber.org/agenda/simple_printable?conf_id=SI21DAE
2021,DEM,SI21EFSF,200,1,8,8631,https://conference.nber.org/agenda/simple_printable?conf_id=SI21EFSF
2021,EFEG,EFGs21,200,1,6,9966,https://conference.nber.org/agenda/simple_printable?conf_id=EFGs21
2021,EFG,SI21EFEG,200,1,12,18281,https://conference.nber.org/agenda/simple_printable?conf_id=SI21EFEG
2021,CRI,SI21CRI,200,1,12,17219,https://conference.nber.org/agenda/simple_printable?conf_id=SI21CRI
2021,ED,SI21ED,200,1,12,13998,https://conference.nber.org/agenda/simple_printable?conf_id=SI21ED
2021,PENS,SI21PENS,200,1,6,6904,https://conference.nber.org/agenda/simple_printable?conf_id=SI21PENS
2021,PESS,SI21ESS,200,1,7,8249,https://conference.nber.org/agenda/simple_printable?conf_id=SI21ESS
2021,ENT,SI21PRENT,200,1,6,8877,https://conference.nber.org/agenda/simple_printable?conf_id=SI21PRENT
2021,EEE,SI21EEE,200,1,24,25238,https://conference.nber.org/agenda/simple_printable?conf_id=SI21EEE
2021,EFFE,SI21EFFE,200,1,8,10639,https://conference.nber.org/agenda/simple_printable?conf_id=SI21EFFE
2021,HC,SI21HC,200,1,8,13075,https://conference.nber.org/agenda/simple_printable?conf_id=SI21HC
2021,HE,SI21HE,200,1,10,13515,https://conference.nber.org/agenda/simple_printable?conf_id=SI21HE
2021,HF,SI21HF,200,1,16,21650,https://conference.nber.org/agenda/simple_printable?conf_id=SI21HF
2021,IFMDS,SI21IFMDS,200,1,5,6184,https://conference.nber.org/agenda/simple_printable?conf_id=SI21IFMDS
2021,PRIT,SI21PRIT,200,1,37,40085,https://conference.nber.org/agenda/simple_printable?conf_id=SI21PRIT
2021,IPM,SI21EFCE,200,1,20,22883,https://conference.nber.org/agenda/simple_printable?conf_id=SI21EFCE
2021,IO,SI21IO,200,1,12,20167,https://conference.nber.org/agenda/simple_printable?conf_id=SI21IO
2021,EFDIS,SI21EFDIS,200,1,6,7999,https://conference.nber.org/agenda/simple_printable?conf_id=SI21EFDIS
2021,PRINN,SI21PRINN,200,1,8,11988,https://conference.nber.org/agenda/simple_printable?conf_id=SI21PRINN
2021,IAP,SI21IAP,200,1,7,9632,https://conference.nber.org/agenda/simple_printable?conf_id=SI21IAP
2021,IFM,SI21IFM,200,1,12,20402,https://conference.nber.org/agenda/simple_printable?conf_id=SI21IFM
2021,ITI,SI21ITI,200,1,15,25922,https://conference.nber.org/agenda/simple_printable?conf_id=SI21ITI
2021,ITM,SI21ITM,200,1,4,7056,https://conference.nber.org/agenda/simple_printable?conf_id=SI21ITM
2021,LS,SI21LS,200,1,19,24648,https://conference.nber.org/agenda/simple_printable?conf_id=SI21LS
2021,LE,SI21LE,200,1,4,6147,https://conference.nber.org/agenda/simple_printable?conf_id=SI21LE
2021,EFMPL,SI21EFMPL,200,1,12,16382,https://conference.nber.org/agenda/simple_printable?conf_id=SI21EFMPL
2021,MPF,SI21MPF,200,1,6,9129,https://conference.nber.org/agenda/simple_printable?conf_id=SI21MPF
2021,EFMB,SI21EFMB,200,1,5,9252,https://conference.nber.org/agenda/simple_printable?conf_id=SI21EFMB
2021,MEFM,SI21MEFM,200,1,11,17881,https://conference.nber.org/agenda/simple_printable?conf_id=SI21MEFM
2021,PRMP,SI21PRMP,200,1,6,6694,https://conference.nber.org/agenda/simple_printable?conf_id=SI21PRMP
2021,EFMM,SI21EFMM,200,1,9,13451,https://conference.nber.org/agenda/simple_printable?conf_id=SI21EFMM
2021,ME,SI21ME,200,1,19,22295,https://conference.nber.org/agenda/simple_printable?conf_id=SI21ME
2021,PPL,SI21PPL,200,1,14,18678,https://conference.nber.org/agenda/simple_printable?conf_id=SI21PPL
2021,POL,SI21POL,200,1,9,12157,https://conference.nber.org/agenda/simple_printable?conf_id=SI21POL
2021,PRPD,SI21PRPD,200,1,6,7711,https://conference.nber.org/agenda/simple_printable?conf_id=SI21PRPD
2021,PE,SI21PE,200,1,12,17063,https://conference.nber.org/agenda/simple_printable?conf_id=SI21PE
2021,REAL,SI21REAL,200,1,18,21690,https://conference.nber.org/agenda/simple_printable?conf_id=SI21REAL
2021,RISK,SI21RISK,200,1,11,15708,https://conference.nber.org/agenda/simple_printable?conf_id=SI21RISK
2021,SIP,SI21PRSF,200,1,7,12911,https://conference.nber.org/agenda/simple_printable?conf_id=SI21PRSF
2021,URB,SI21URB,200,1,35,35073,https://conference.nber.org/agenda/simple_printable?conf_id=SI21URB
2022,AG,SI22AG,200,1,16,19563,https://conference.nber.org/agenda/simple_printable?conf_id=SI22AG
2022,AP,SI22AP,200,1,14,19825,https://conference.nber.org/agenda/simple_printable?conf_id=SI22AP
2022,EFBEM,SI22EFBEM,200,1,6,8509,https://conference.nber.org/agenda/simple_printable?conf_id=SI22EFBEM
2022,HPC,SI22HPC,200,1,8,13467,https://conference.nber.org/agenda/simple_printable?conf_id=SI22HPC
2022,EFEL,SI22EFEL,200,1,12,18422,https://conference.nber.org/agenda/simple_printable?conf_id=SI22EFEL
2022,CH,SI22CH,200,1,21,24688,https://conference.nber.org/agenda/simple_printable?conf_id=SI22CH
2022,CRIW,SI22PRCR,200,1,16,23391,https://conference.nber.org/agenda/simple_printable?conf_id=SI22PRCR
2022,CF,SI22CF,200,1,12,18732,https://conference.nber.org/agenda/simple_printable?conf_id=SI22CF
2022,DEV,SI22DEV,200,1,19,23880,https://conference.nber.org/agenda/simple_printable?conf_id=SI22DEV
2022,DAE,SI22DAE,200,1,31,32228,https://conference.nber.org/agenda/simple_printable?conf_id=SI22DAE
2022,DEM,SI22EFSF,200,1,8,10183,https://conference.nber.org/agenda/simple_printable?conf_id=SI22EFSF
2022,EFEG,EFGs22,200,1,6,9216,https://conference.nber.org/agenda/simple_printable?conf_id=EFGs22
2022,EFG,SI22EFEG,200,1,12,18264,https://conference.nber.org/agenda/simple_printable?conf_id=SI22EFEG
2022,CRI,SI22CRI,200,1,14,21473,https://conference.nber.org/agenda/simple_printable?conf_id=SI22CRI
2022,ED,SI22ED,200,1,6,8735,https://conference.nber.org/agenda/simple_printable?conf_id=SI22ED
2022,PENS,SI22PENS,200,1,7,8950,https://conference.nber.org/agenda/simple_printable?conf_id=SI22PENS
2022,PESS,SI22ESS,200,1,6,8858,https://conference.nber.org/agenda/simple_printable?conf_id=SI22ESS
2022,ENT,SI22PRENT,200,1,8,11251,https://conference.nber.org/agenda/simple_printable?conf_id=SI22PRENT
2022,EEE,SI22EEE,200,1,22,28003,https://conference.nber.org/agenda/simple_printable?conf_id=SI22EEE
2022,EFFE,SI22EFFE,200,1,16,19507,https://conference.nber.org/agenda/simple_printable?conf_id=SI22EFFE
2022,GE,SI22GE,200,1,11,14266,https://conference.nber.org/agenda/simple_printable?conf_id=SI22GE
2022,HC,SI22HC,200,1,11,15755,https://conference.nber.org/agenda/simple_printable?conf_id=SI22HC
2022,HE,SI22HE,200,1,10,11743,https://conference.nber.org/agenda/simple_printable?conf_id=SI22HE
2022,HF,SI22HF,200,1,15,22950,https://conference.nber.org/agenda/simple_printable?conf_id=SI22HF
2022,IFMDS,SI22IFMDS,200,1,4,5381,https://conference.nber.org/agenda/simple_printable?conf_id=SI22IFMDS
2022,PRIT,SI22PRIT,200,1,28,33163,https://conference.nber.org/agenda/simple_printable?conf_id=SI22PRIT
2022,IPM,SI22EFCE,200,1,20,23457,https://conference.nber.org/agenda/simple_printable?conf_id=SI22EFCE
2022,EFDIS,SI22EFDIS,200,1,8,10967,https://conference.nber.org/agenda/simple_printable?conf_id=SI22EFDIS
2022,IO,SI22IO,200,1,13,17383,https://conference.nber.org/agenda/simple_printable?conf_id=SI22IO
2022,PRINN,SI22PRINN,200,1,11,17406,https://conference.nber.org/agenda/simple_printable?conf_id=SI22PRINN
2022,IFM,SI22IFM,200,1,12,20708,https://conference.nber.org/agenda/simple_printable?conf_id=SI22IFM
2022,ITI,SI22ITI,200,1,15,26579,https://conference.nber.org/agenda/simple_printable?conf_id=SI22ITI
2022,ITM,SI22ITM,200,1,4,6585,https://conference.nber.org/agenda/simple_printable?conf_id=SI22ITM
2022,LS,SI22LS,200,1,25,33973,https://conference.nber.org/agenda/simple_printable?conf_id=SI22LS
2022,LE,SI22LE,200,1,11,17069,https://conference.nber.org/agenda/simple_printable?conf_id=SI22LE
2022,EFMPL,SI22EFMPL,200,1,18,22503,https://conference.nber.org/agenda/simple_printable?conf_id=SI22EFMPL
2022,MPF,SI22MPF,200,1,8,10751,https://conference.nber.org/agenda/simple_printable?conf_id=SI22MPF
2022,EFMB,SI22EFMB,200,1,6,10266,https://conference.nber.org/agenda/simple_printable?conf_id=SI22EFMB
2022,MEFM,SI22MEFM,200,1,9,14063,https://conference.nber.org/agenda/simple_printable?conf_id=SI22MEFM
2022,PRMP,SI22PRMP,200,1,7,11481,https://conference.nber.org/agenda/simple_printable?conf_id=SI22PRMP
2022,EFMM,SI22EFMM,200,1,16,21461,https://conference.nber.org/agenda/simple_printable?conf_id=SI22EFMM
2022,ME,SI22ME,200,1,16,19675,https://conference.nber.org/agenda/simple_printable?conf_id=SI22ME
2022,PPL,SI22PPL,200,1,15,16935,https://conference.nber.org/agenda/simple_printable?conf_id=SI22PPL
2022,POL,SI22POL,200,1,11,16629,https://conference.nber.org/agenda/simple_printable?conf_id=SI22POL
2022,PE,SI22PE,200,1,11,13800,https://conference.nber.org/agenda/simple_printable?conf_id=SI22PE
2022,REAL,SI22REAL,200,1,16,21372,https://conference.nber.org/agenda/simple_printable?conf_id=SI22REAL
2022,RISK,SI22RISK,200,1,12,17427,https://conference.nber.org/agenda/simple_printable?conf_id=SI22RISK
2022,SIP,SI22SF,200,1,12,20373,https://conference.nber.org/agenda/simple_printable?conf_id=SI22SF
2022,URB,SI22URB,200,1,28,33436,https://conference.nber.org/agenda/simple_printable?conf_id=SI22URB
2023,EFMPL,SI23EFMPL,200,1,18,23166,https://conference.nber.org/agenda/simple_printable?conf_id=SI23EFMPL
2023,AG,SI23AG,200,1,12,18252,https://conference.nber.org/agenda/simple_printable?conf_id=SI23AG
2023,AP,SI23AP,200,1,14,19906,https://conference.nber.org/agenda/simple_printable?conf_id=SI23AP
2023,EFBEM,SI23EFBEM,200,1,6,8185,https://conference.nber.org/agenda/simple_printable?conf_id=SI23EFBEM
2023,HPC,SI23HPC,200,1,8,13645,https://conference.nber.org/agenda/simple_printable?conf_id=SI23HPC
2023,CRIWPC,SI23CRIWPC,400,0,0,526,https://conference.nber.org/agenda/simple_printable?conf_id=SI23CRIWPC
2023,EFEL,SI23EFEL,200,1,11,16756,https://conference.nber.org/agenda/simple_printable?conf_id=SI23EFEL
2023,CH,SI23CH,200,1,21,24067,https://conference.nber.org/agenda/simple_printable?conf_id=SI23CH
2023,CRIW,SI23PRCR,200,1,16,24917,https://conference.nber.org/agenda/simple_printable?conf_id=SI23PRCR
2023,CF,SI23CF,200,1,10,16172,https://conference.nber.org/agenda/simple_printable?conf_id=SI23CF
2023,DEV,SI23DEV,200,1,19,23689,https://conference.nber.org/agenda/simple_printable?conf_id=SI23DEV
2023,DAE,SI23DAE,200,1,31,33432,https://conference.nber.org/agenda/simple_printable?conf_id=SI23DAE
2023,PRIT,SI23PRIT,200,1,23,26779,https://conference.nber.org/agenda/simple_printable?conf_id=SI23PRIT
2023,DEM,SI23EFSF,200,1,8,10000,https://conference.nber.org/agenda/simple_printable?conf_id=SI23EFSF
2023,EFEG,EFGs23,200,1,6,9501,https://conference.nber.org/agenda/simple_printable?conf_id=EFGs23
2023,EFG,SI23EFEG,200,1,12,19418,https://conference.nber.org/agenda/simple_printable?conf_id=SI23EFEG
2023,CRI,SI23CRI,200,1,12,18520,https://conference.nber.org/agenda/simple_printable?conf_id=SI23CRI
2023,ED,SI23ED,200,1,8,10221,https://conference.nber.org/agenda/simple_printable?conf_id=SI23ED
2023,EH,SI23EH,200,1,14,20419,https://conference.nber.org/agenda/simple_printable?conf_id=SI23EH
2023,PENS,SI23PENS,200,1,7,10155,https://conference.nber.org/agenda/simple_printable?conf_id=SI23PENS
2023,PESS,SI23ESS,200,1,6,9024,https://conference.nber.org/agenda/simple_printable?conf_id=SI23ESS
2023,ENT,SI23PRENT,200,1,8,12707,https://conference.nber.org/agenda/simple_printable?conf_id=SI23PRENT
2023,EEE,SI23EEE,200,1,23,28434,https://conference.nber.org/agenda/simple_printable?conf_id=SI23EEE
2023,EFFE,SI23EFFE,200,1,16,21229,https://conference.nber.org/agenda/simple_printable?conf_id=SI23EFFE
2023,GE,SI23GE,200,1,14,16426,https://conference.nber.org/agenda/simple_printable?conf_id=SI23GE
2023,HF,SI23HF,200,1,15,21401,https://conference.nber.org/agenda/simple_printable?conf_id=SI23HF
2023,IFMDS,SI23IFMDS,200,1,5,5772,https://conference.nber.org/agenda/simple_printable?conf_id=SI23IFMDS
2023,IPM,SI23EFCE,200,1,20,22582,https://conference.nber.org/agenda/simple_printable?conf_id=SI23EFCE
2023,IO,SI23IO,200,1,14,19466,https://conference.nber.org/agenda/simple_printable?conf_id=SI23IO
2023,EFDIS,SI23EFDIS,200,1,12,15989,https://conference.nber.org/agenda/simple_printable?conf_id=SI23EFDIS
2023,PRINN,SI23PRINN,200,1,11,16881,https://conference.nber.org/agenda/simple_printable?conf_id=SI23PRINN
2023,IAP,SI23IAP,200,1,9,11677,https://conference.nber.org/agenda/simple_printable?conf_id=SI23IAP
2023,IFM,SI23IFM,200,1,11,20070,https://conference.nber.org/agenda/simple_printable?conf_id=SI23IFM
2023,ITI,SI23ITI,200,1,14,24246,https://conference.nber.org/agenda/simple_printable?conf_id=SI23ITI
2023,ITM,SI23ITM,200,1,4,6301,https://conference.nber.org/agenda/simple_printable?conf_id=SI23ITM
2023,LS,SI23LS,200,1,27,36893,https://conference.nber.org/agenda/simple_printable?conf_id=SI23LS
2023,LE,SI23LE,200,1,9,14898,https://conference.nber.org/agenda/simple_printable?conf_id=SI23LE
2023,MPF,SI23MPF,200,1,8,10843,https://conference.nber.org/agenda/simple_printable?conf_id=SI23MPF
2023,EFMB,SI23EFMB,200,1,6,9107,https://conference.nber.org/agenda/simple_printable?conf_id=SI23EFMB
2023,MEFM,SI23MEFM,200,1,9,14811,https://conference.nber.org/agenda/simple_printable?conf_id=SI23MEFM
2023,PRMP,SI23PRMP,200,1,7,10340,https://conference.nber.org/agenda/simple_printable?conf_id=SI23PRMP
2023,EFMM,SI23EFMM,200,1,16,21630,https://conference.nber.org/agenda/simple_printable?conf_id=SI23EFMM
2023,ME,SI23ME,200,1,16,20480,https://conference.nber.org/agenda/simple_printable?conf_id=SI23ME
2023,PPL,SI23PPL,200,1,15,17865,https://conference.nber.org/agenda/simple_printable?conf_id=SI23PPL
2023,POL,SI23POL,200,1,12,18168,https://conference.nber.org/agenda/simple_printable?conf_id=SI23POL
2023,PE,SI23PE,200,1,11,15289,https://conference.nber.org/agenda/simple_printable?conf_id=SI23PE
2023,REAL,SI23REAL,200,1,17,21121,https://conference.nber.org/agenda/simple_printable?conf_id=SI23REAL
2023,RISK,SI23RISK,200,1,8,14938,https://conference.nber.org/agenda/simple_printable?conf_id=SI23RISK
2023,SIP,SI23SF,200,1,10,18009,https://conference.nber.org/agenda/simple_printable?conf_id=SI23SF
2023,URB,SI23URB,200,1,24,28361,https://conference.nber.org/agenda/simple_printable?conf_id=SI23URB
2024,EFMPL,SI24EFMPL,200,1,18,23572,https://conference.nber.org/agenda/simple_printable?conf_id=SI24EFMPL
2024,AG,SI24AG,200,1,12,20631,https://conference.nber.org/agenda/simple_printable?conf_id=SI24AG
2024,AP,SI24AP,200,1,16,22060,https://conference.nber.org/agenda/simple_printable?conf_id=SI24AP
2024,EFBEM,SI24EFBEM,200,1,6,8702,https://conference.nber.org/agenda/simple_printable?conf_id=SI24EFBEM
2024,HPC,SI24HPC,200,1,9,13838,https://conference.nber.org/agenda/simple_printable?conf_id=SI24HPC
2024,CRIWPC,SI24CRIWPC,400,0,0,526,https://conference.nber.org/agenda/simple_printable?conf_id=SI24CRIWPC
2024,EFEL,SI24EFEL,200,1,12,17177,https://conference.nber.org/agenda/simple_printable?conf_id=SI24EFEL
2024,CH,SI24CH,200,1,22,25584,https://conference.nber.org/agenda/simple_printable?conf_id=SI24CH
2024,CRIW,SI24PRCR,200,1,18,26101,https://conference.nber.org/agenda/simple_printable?conf_id=SI24PRCR
2024,CF,SI24CF,200,1,12,17059,https://conference.nber.org/agenda/simple_printable?conf_id=SI24CF
2024,DEV,SI24DEV,200,1,19,21970,https://conference.nber.org/agenda/simple_printable?conf_id=SI24DEV
2024,DAE,SI24DAE,200,1,31,37827,https://conference.nber.org/agenda/simple_printable?conf_id=SI24DAE
2024,PRIT,SI24PRIT,200,1,24,32763,https://conference.nber.org/agenda/simple_printable?conf_id=SI24PRIT
2024,DEM,SI24EFSF,200,1,8,10662,https://conference.nber.org/agenda/simple_printable?conf_id=SI24EFSF
2024,EFEG,EFGs24,200,1,6,9647,https://conference.nber.org/agenda/simple_printable?conf_id=EFGs24
2024,EFG,SI24EFEG,200,1,12,18294,https://conference.nber.org/agenda/simple_printable?conf_id=SI24EFEG
2024,CRI,SI24CRI,200,1,12,16902,https://conference.nber.org/agenda/simple_printable?conf_id=SI24CRI
2024,ED,SI24ED,200,1,8,10053,https://conference.nber.org/agenda/simple_printable?conf_id=SI24ED
2024,EH,SI24EH,200,1,16,19665,https://conference.nber.org/agenda/simple_printable?conf_id=SI24EH
2024,PESS,SI24ESS,200,1,7,9237,https://conference.nber.org/agenda/simple_printable?conf_id=SI24ESS
2024,ENT,SI24PRENT,200,1,8,13403,https://conference.nber.org/agenda/simple_printable?conf_id=SI24PRENT
2024,EEE,SI24EEE,200,1,20,24652,https://conference.nber.org/agenda/simple_printable?conf_id=SI24EEE
2024,EFFE,SI24EFFE,200,1,16,21760,https://conference.nber.org/agenda/simple_printable?conf_id=SI24EFFE
2024,GE,SI24GE,200,1,17,20677,https://conference.nber.org/agenda/simple_printable?conf_id=SI24GE
2024,HF,SI24HF,200,1,16,22720,https://conference.nber.org/agenda/simple_printable?conf_id=SI24HF
2024,IFMDS,SI24IFMDS,200,1,6,7178,https://conference.nber.org/agenda/simple_printable?conf_id=SI24IFMDS
2024,IPM,SI24EFCE,200,1,20,24900,https://conference.nber.org/agenda/simple_printable?conf_id=SI24EFCE
2024,IO,SI24IO,200,1,11,17196,https://conference.nber.org/agenda/simple_printable?conf_id=SI24IO
2024,EFDIS,SI24EFDIS,200,1,12,15959,https://conference.nber.org/agenda/simple_printable?conf_id=SI24EFDIS
2024,PRINN,SI24PRINN,200,1,11,17005,https://conference.nber.org/agenda/simple_printable?conf_id=SI24PRINN
2024,IEG,SI24IEG,200,1,7,10731,https://conference.nber.org/agenda/simple_printable?conf_id=SI24IEG
2024,IFM,SI24IFM,200,1,12,20257,https://conference.nber.org/agenda/simple_printable?conf_id=SI24IFM
2024,ITI,SI24ITI,200,1,12,21889,https://conference.nber.org/agenda/simple_printable?conf_id=SI24ITI
2024,ITM,SI24ITM,200,1,4,7357,https://conference.nber.org/agenda/simple_printable?conf_id=SI24ITM
2024,LS,SI24LS,200,1,35,41817,https://conference.nber.org/agenda/simple_printable?conf_id=SI24LS
2024,LE,SI24LE,200,1,9,14854,https://conference.nber.org/agenda/simple_printable?conf_id=SI24LE
2024,MPF,SI24MPF,200,1,8,10060,https://conference.nber.org/agenda/simple_printable?conf_id=SI24MPF
2024,EFMB,SI24EFMB,200,1,6,9891,https://conference.nber.org/agenda/simple_printable?conf_id=SI24EFMB
2024,MEFM,SI24MEFM,200,1,10,15328,https://conference.nber.org/agenda/simple_printable?conf_id=SI24MEFM
2024,PRMP,SI24PRMP,200,1,7,11045,https://conference.nber.org/agenda/simple_printable?conf_id=SI24PRMP
2024,EFMM,SI24EFMM,200,1,16,22603,https://conference.nber.org/agenda/simple_printable?conf_id=SI24EFMM
2024,ME,SI24ME,200,1,19,23575,https://conference.nber.org/agenda/simple_printable?conf_id=SI24ME
2024,PPL,SI24PPL,200,1,14,17316,https://conference.nber.org/agenda/simple_printable?conf_id=SI24PPL
2024,POL,SI24POL,200,1,12,18369,https://conference.nber.org/agenda/simple_printable?conf_id=SI24POL
2024,PE,SI24PE,200,1,11,14992,https://conference.nber.org/agenda/simple_printable?conf_id=SI24PE
2024,REAL,SI24REAL,200,1,17,23879,https://conference.nber.org/agenda/simple_printable?conf_id=SI24REAL
2024,SIP,SI24SF,200,1,16,25311,https://conference.nber.org/agenda/simple_printable?conf_id=SI24SF
2024,URB,SI24URB,200,1,26,30189,https://conference.nber.org/agenda/simple_printable?conf_id=SI24URB
2025,EFMPL,SI25EFMPL,200,1,18,24226,https://conference.nber.org/agenda/simple_printable?conf_id=SI25EFMPL
2025,AG,SI25AG,200,1,12,18805,https://conference.nber.org/agenda/simple_printable?conf_id=SI25AG
2025,AP,SI25AP,200,1,14,20971,https://conference.nber.org/agenda/simple_printable?conf_id=SI25AP
2025,EFBEM,SI25EFBEM,200,1,6,9662,https://conference.nber.org/agenda/simple_printable?conf_id=SI25EFBEM
2025,HPC,SI25HPC,200,1,9,13664,https://conference.nber.org/agenda/simple_printable?conf_id=SI25HPC
2025,CRIWPC,SI25CRIWPC,400,0,0,526,https://conference.nber.org/agenda/simple_printable?conf_id=SI25CRIWPC
2025,EFEL,SI25EFEL,200,1,12,16072,https://conference.nber.org/agenda/simple_printable?conf_id=SI25EFEL
2025,CH,SI25CH,200,1,24,27380,https://conference.nber.org/agenda/simple_printable?conf_id=SI25CH
2025,CRIW,SI25PRCR,200,1,16,24791,https://conference.nber.org/agenda/simple_printable?conf_id=SI25PRCR
2025,CF,SI25CF,200,1,12,17340,https://conference.nber.org/agenda/simple_printable?conf_id=SI25CF
2025,DEV,SI25DEV,200,1,17,18674,https://conference.nber.org/agenda/simple_printable?conf_id=SI25DEV
2025,DAE,SI25DAE,200,1,31,36651,https://conference.nber.org/agenda/simple_printable?conf_id=SI25DAE
2025,PRIT,SI25PRIT,200,1,25,32226,https://conference.nber.org/agenda/simple_printable?conf_id=SI25PRIT
2025,DEM,SI25EFSF,200,1,7,10145,https://conference.nber.org/agenda/simple_printable?conf_id=SI25EFSF
2025,EFEG,SI25EFG,200,1,6,10320,https://conference.nber.org/agenda/simple_printable?conf_id=SI25EFG
2025,EFG,SI25EFEG,200,1,12,18812,https://conference.nber.org/agenda/simple_printable?conf_id=SI25EFEG
2025,CRI,SI25CRI,200,1,12,15977,https://conference.nber.org/agenda/simple_printable?conf_id=SI25CRI
2025,ED,SI25ED,200,1,8,10024,https://conference.nber.org/agenda/simple_printable?conf_id=SI25ED
2025,EH,SI25EH,200,1,17,20950,https://conference.nber.org/agenda/simple_printable?conf_id=SI25EH
2025,PESS,SI25ESS,200,1,6,7398,https://conference.nber.org/agenda/simple_printable?conf_id=SI25ESS
2025,ENT,SI25PRENT,200,1,8,11473,https://conference.nber.org/agenda/simple_printable?conf_id=SI25PRENT
2025,EEE,SI25EEE,200,1,18,24880,https://conference.nber.org/agenda/simple_printable?conf_id=SI25EEE
2025,EFFE,SI25EFFE,200,1,16,22022,https://conference.nber.org/agenda/simple_printable?conf_id=SI25EFFE
2025,EM,SI25EM,200,1,6,8776,https://conference.nber.org/agenda/simple_printable?conf_id=SI25EM
2025,GE,SI25GE,200,1,23,28193,https://conference.nber.org/agenda/simple_printable?conf_id=SI25GE
2025,HF,SI25HF,200,1,16,24112,https://conference.nber.org/agenda/simple_printable?conf_id=SI25HF
2025,IFMDS,SI25IFMDS,200,1,5,7966,https://conference.nber.org/agenda/simple_printable?conf_id=SI25IFMDS
2025,IPM,SI25EFCE,200,1,20,25045,https://conference.nber.org/agenda/simple_printable?conf_id=SI25EFCE
2025,IO,SI25IO,200,1,10,14389,https://conference.nber.org/agenda/simple_printable?conf_id=SI25IO
2025,EFDIS,SI25EFDIS,200,1,12,16698,https://conference.nber.org/agenda/simple_printable?conf_id=SI25EFDIS
2025,PRINN,SI25PRINN,200,1,11,16991,https://conference.nber.org/agenda/simple_printable?conf_id=SI25PRINN
2025,IAP,SI25IAP,200,1,9,14538,https://conference.nber.org/agenda/simple_printable?conf_id=SI25IAP
2025,IEG,SI25IEG,200,1,7,11627,https://conference.nber.org/agenda/simple_printable?conf_id=SI25IEG
2025,IFM,SI25IFM,200,1,12,20971,https://conference.nber.org/agenda/simple_printable?conf_id=SI25IFM
2025,ITI,SI25ITI,200,1,11,20189,https://conference.nber.org/agenda/simple_printable?conf_id=SI25ITI
2025,ITM,SI25ITM,200,1,4,7392,https://conference.nber.org/agenda/simple_printable?conf_id=SI25ITM
2025,LS,SI25LS,200,1,27,34185,https://conference.nber.org/agenda/simple_printable?conf_id=SI25LS
2025,LE,SI25LE,200,1,9,12531,https://conference.nber.org/agenda/simple_printable?conf_id=SI25LE
2025,MPF,SI25MPF,200,1,8,12706,https://conference.nber.org/agenda/simple_printable?conf_id=SI25MPF
2025,EFMB,SI25EFMB,200,1,6,9343,https://conference.nber.org/agenda/simple_printable?conf_id=SI25EFMB
2025,MEFM,SI25MEFM,200,1,9,15524,https://conference.nber.org/agenda/simple_printable?conf_id=SI25MEFM
2025,PRMP,SI25PRMP,200,1,8,11583,https://conference.nber.org/agenda/simple_printable?conf_id=SI25PRMP
2025,EFMM,SI25EFMM,200,1,16,22893,https://conference.nber.org/agenda/simple_printable?conf_id=SI25EFMM
2025,ME,SI25ME,200,1,19,26062,https://conference.nber.org/agenda/simple_printable?conf_id=SI25ME
2025,PPL,SI25PPL,200,1,16,19382,https://conference.nber.org/agenda/simple_printable?conf_id=SI25PPL
2025,POL,SI25POL,200,1,12,17882,https://conference.nber.org/agenda/simple_printable?conf_id=SI25POL
2025,PE,SI25PE,200,1,11,14359,https://conference.nber.org/agenda/simple_printable?conf_id=SI25PE
2025,REAL,SI25REAL,200,1,18,21892,https://conference.nber.org/agenda/simple_printable?conf_id=SI25REAL
2025,SIP,SI25SF,200,1,14,21737,https://conference.nber.org/agenda/simple_printable?conf_id=SI25SF
2025,URB,SI25URB,200,1,26,30817,https://conference.nber.org/agenda/simple_printable?conf_id=SI25URB
2026,EFMPL,SI26EFMPL,200,1,18,23877,https://conference.nber.org/agenda/simple_printable?conf_id=SI26EFMPL
2026,AG,SI26AG,200,1,17,23494,https://conference.nber.org/agenda/simple_printable?conf_id=SI26AG
2026,AP,SI26AP,200,1,14,20846,https://conference.nber.org/agenda/simple_printable?conf_id=SI26AP
2026,EFBEM,SI26EFBEM,200,1,6,7447,https://conference.nber.org/agenda/simple_printable?conf_id=SI26EFBEM
2026,EFEL,SI26EFEL,200,1,12,16976,https://conference.nber.org/agenda/simple_printable?conf_id=SI26EFEL
2026,CH,SI26CH,200,1,24,27384,https://conference.nber.org/agenda/simple_printable?conf_id=SI26CH
2026,CRIW,SI26PRCR,200,1,16,23146,https://conference.nber.org/agenda/simple_printable?conf_id=SI26PRCR
2026,CF,SI26CF,200,1,12,17354,https://conference.nber.org/agenda/simple_printable?conf_id=SI26CF
2026,DEV,SI26DEV,200,1,17,19017,https://conference.nber.org/agenda/simple_printable?conf_id=SI26DEV
2026,DAE,SI26DAE,200,1,31,36469,https://conference.nber.org/agenda/simple_printable?conf_id=SI26DAE
2026,PRIT,SI26PRIT,200,1,28,36640,https://conference.nber.org/agenda/simple_printable?conf_id=SI26PRIT
2026,DEM,SI26EFSF,200,1,9,12796,https://conference.nber.org/agenda/simple_printable?conf_id=SI26EFSF
2026,EFEG,SI26EFG,200,1,12,18480,https://conference.nber.org/agenda/simple_printable?conf_id=SI26EFG
2026,EFG,SI26EFEG,200,1,12,18480,https://conference.nber.org/agenda/simple_printable?conf_id=SI26EFEG
2026,CRI,SI26CRI,200,1,12,15155,https://conference.nber.org/agenda/simple_printable?conf_id=SI26CRI
2026,ED,SI26ED,200,1,9,11717,https://conference.nber.org/agenda/simple_printable?conf_id=SI26ED
2026,EH,SI26EH,200,1,18,21967,https://conference.nber.org/agenda/simple_printable?conf_id=SI26EH
2026,PESS,SI26ESS,200,1,8,10711,https://conference.nber.org/agenda/simple_printable?conf_id=SI26ESS
2026,ENT,SI26PRENT,200,1,8,10959,https://conference.nber.org/agenda/simple_printable?conf_id=SI26PRENT
2026,EEE,SI26EEE,200,1,17,22329,https://conference.nber.org/agenda/simple_printable?conf_id=SI26EEE
2026,FMS,SI26HPC,200,1,6,9388,https://conference.nber.org/agenda/simple_printable?conf_id=SI26HPC
2026,EFFE,SI26EFFE,200,1,16,22541,https://conference.nber.org/agenda/simple_printable?conf_id=SI26EFFE
2026,EM,SI26EM,200,1,6,10113,https://conference.nber.org/agenda/simple_printable?conf_id=SI26EM
2026,GE,SI26GE,200,1,20,23697,https://conference.nber.org/agenda/simple_printable?conf_id=SI26GE
2026,HF,SI26HF,200,1,15,21769,https://conference.nber.org/agenda/simple_printable?conf_id=SI26HF
2026,IFMDS,SI26IFMDS,200,1,4,6333,https://conference.nber.org/agenda/simple_printable?conf_id=SI26IFMDS
2026,IPM,SI26EFCE,200,1,20,25254,https://conference.nber.org/agenda/simple_printable?conf_id=SI26EFCE
2026,IO,SI26IO,200,1,11,17182,https://conference.nber.org/agenda/simple_printable?conf_id=SI26IO
2026,EFDIS,SI26EFDIS,200,1,13,17260,https://conference.nber.org/agenda/simple_printable?conf_id=SI26EFDIS
2026,PRINN,SI26PRINN,200,1,11,17145,https://conference.nber.org/agenda/simple_printable?conf_id=SI26PRINN
2026,IEG,SI26IEG,200,1,6,9734,https://conference.nber.org/agenda/simple_printable?conf_id=SI26IEG
2026,IFM,SI26IFM,200,1,9,14634,https://conference.nber.org/agenda/simple_printable?conf_id=SI26IFM
2026,ITI,SI26ITI,200,1,12,19473,https://conference.nber.org/agenda/simple_printable?conf_id=SI26ITI
2026,ITM,SI26ITM,200,1,4,6741,https://conference.nber.org/agenda/simple_printable?conf_id=SI26ITM
2026,LS,SI26LS,200,1,29,36336,https://conference.nber.org/agenda/simple_printable?conf_id=SI26LS
2026,LE,SI26LE,200,1,9,12758,https://conference.nber.org/agenda/simple_printable?conf_id=SI26LE
2026,MPF,SI26MPF,200,1,8,12352,https://conference.nber.org/agenda/simple_printable?conf_id=SI26MPF
2026,EFMB,SI26EFMB,200,1,6,10172,https://conference.nber.org/agenda/simple_printable?conf_id=SI26EFMB
2026,MEFM,SI26MEFM,200,1,9,13996,https://conference.nber.org/agenda/simple_printable?conf_id=SI26MEFM
2026,PRMP,SI26PRMP,200,1,8,11590,https://conference.nber.org/agenda/simple_printable?conf_id=SI26PRMP
2026,EFMM,SI26EFMM,200,1,16,21328,https://conference.nber.org/agenda/simple_printable?conf_id=SI26EFMM
2026,ME,SI26ME,200,1,19,24092,https://conference.nber.org/agenda/simple_printable?conf_id=SI26ME
2026,PPL,SI26PPL,200,1,14,16556,https://conference.nber.org/agenda/simple_printable?conf_id=SI26PPL
2026,POL,SI26POL,200,1,11,17507,https://conference.nber.org/agenda/simple_printable?conf_id=SI26POL
2026,PE,SI26PE,200,1,11,15229,https://conference.nber.org/agenda/simple_printable?conf_id=SI26PE
2026,REAL,SI26REAL,200,1,16,22034,https://conference.nber.org/agenda/simple_printable?conf_id=SI26REAL
2026,SIP,SI26SF,200,1,14,21185,https://conference.nber.org/agenda/simple_printable?conf_id=SI26SF
2026,URB,SI26URB,200,1,22,25778,https://conference.nber.org/agenda/simple_printable?conf_id=SI26URB
