year,program_code,program_name,papers_total,papers_with_program_year_organizer,share,n_years_in_window
2020,AG,Aging,30.0,0.0,0.0,2
2021,AG,Aging,46.0,2.0,0.043478260869565216,3
2022,AG,Aging,46.0,2.0,0.043478260869565216,3
2023,AG,Aging,40.0,2.0,0.05,3
2024,AG,Aging,36.0,1.0,0.027777777777777776,3
2025,AG,Aging,41.0,3.0,0.07317073170731707,3
2026,AG,Aging,29.0,3.0,0.10344827586206896,2
2020,CRI,Economics of Crime,25.0,1.0,0.04,2
2021,CRI,Economics of Crime,39.0,1.0,0.02564102564102564,3
2022,CRI,Economics of Crime,38.0,1.0,0.02631578947368421,3
2023,CRI,Economics of Crime,38.0,0.0,0.0,3
2024,CRI,Economics of Crime,36.0,0.0,0.0,3
2025,CRI,Economics of Crime,36.0,2.0,0.05555555555555555,3
2026,CRI,Economics of Crime,24.0,2.0,0.08333333333333333,2
2020,DEV,Development Economics,30.0,1.0,0.03333333333333333,2
2021,DEV,Development Economics,49.0,3.0,0.061224489795918366,3
2022,DEV,Development Economics,50.0,3.0,0.06,3
2023,DEV,Development Economics,57.0,3.0,0.05263157894736842,3
2024,DEV,Development Economics,55.0,2.0,0.03636363636363636,3
2025,DEV,Development Economics,53.0,1.0,0.018867924528301886,3
2026,DEV,Development Economics,34.0,1.0,0.029411764705882353,2
2020,EEE,Environmental & Energy Economics,34.0,0.0,0.0,2
2021,EEE,Environmental & Energy Economics,56.0,1.0,0.017857142857142856,3
2022,EEE,Environmental & Energy Economics,69.0,2.0,0.028985507246376812,3
2023,EEE,Environmental & Energy Economics,65.0,4.0,0.06153846153846154,3
2024,EEE,Environmental & Energy Economics,61.0,3.0,0.04918032786885246,3
2025,EEE,Environmental & Energy Economics,55.0,3.0,0.05454545454545454,3
2026,EEE,Environmental & Energy Economics,35.0,1.0,0.02857142857142857,2
2020,EFMM,Micro Data and Macro Models,16.0,1.0,0.0625,2
2021,EFMM,Micro Data and Macro Models,32.0,2.0,0.0625,3
2022,EFMM,Micro Data and Macro Models,41.0,2.0,0.04878048780487805,3
2023,EFMM,Micro Data and Macro Models,48.0,1.0,0.020833333333333332,3
2024,EFMM,Micro Data and Macro Models,48.0,1.0,0.020833333333333332,3
2025,EFMM,Micro Data and Macro Models,48.0,2.0,0.041666666666666664,3
2026,EFMM,Micro Data and Macro Models,32.0,2.0,0.0625,2
2020,EFMPL,Aggregate Labor Market,21.0,1.0,0.047619047619047616,2
2021,EFMPL,Aggregate Labor Market,39.0,1.0,0.02564102564102564,3
2022,EFMPL,Aggregate Labor Market,48.0,2.0,0.041666666666666664,3
2023,EFMPL,Aggregate Labor Market,54.0,1.0,0.018518518518518517,3
2024,EFMPL,Aggregate Labor Market,54.0,1.0,0.018518518518518517,3
2025,EFMPL,Aggregate Labor Market,54.0,1.0,0.018518518518518517,3
2026,EFMPL,Aggregate Labor Market,36.0,1.0,0.027777777777777776,2
2023,EH,Economics of Health,30.0,2.0,0.06666666666666667,2
2024,EH,Economics of Health,47.0,3.0,0.06382978723404255,3
2025,EH,Economics of Health,51.0,3.0,0.058823529411764705,3
2026,EH,Economics of Health,35.0,2.0,0.05714285714285714,2
2020,HC,Health Care,15.0,0.0,0.0,2
2021,HC,Health Care,26.0,1.0,0.038461538461538464,3
2022,HC,Health Care,19.0,1.0,0.05263157894736842,2
2020,HF,Household Finance,24.0,0.0,0.0,2
2021,HF,Household Finance,39.0,0.0,0.0,3
2022,HF,Household Finance,46.0,1.0,0.021739130434782608,3
2023,HF,Household Finance,46.0,2.0,0.043478260869565216,3
2024,HF,Household Finance,47.0,2.0,0.0425531914893617,3
2025,HF,Household Finance,47.0,1.0,0.02127659574468085,3
2026,HF,Household Finance,31.0,0.0,0.0,2
2020,ITI,International Trade & Investment,35.0,3.0,0.08571428571428572,2
2021,ITI,International Trade & Investment,50.0,3.0,0.06,3
2022,ITI,International Trade & Investment,44.0,1.0,0.022727272727272728,3
2023,ITI,International Trade & Investment,41.0,0.0,0.0,3
2024,ITI,International Trade & Investment,37.0,0.0,0.0,3
2025,ITI,International Trade & Investment,35.0,0.0,0.0,3
2026,ITI,International Trade & Investment,23.0,0.0,0.0,2
2020,LS,Labor Studies,35.0,4.0,0.11428571428571428,2
2021,LS,Labor Studies,60.0,6.0,0.1,3
2022,LS,Labor Studies,71.0,6.0,0.08450704225352113,3
2023,LS,Labor Studies,86.0,3.0,0.03488372093023256,3
2024,LS,Labor Studies,88.0,3.0,0.03409090909090909,3
2025,LS,Labor Studies,90.0,10.0,0.1111111111111111,3
2026,LS,Labor Studies,56.0,9.0,0.16071428571428573,2
2020,PE,Public Economics,24.0,3.0,0.125,2
2021,PE,Public Economics,35.0,3.0,0.08571428571428572,3
2022,PE,Public Economics,34.0,2.0,0.058823529411764705,3
2023,PE,Public Economics,33.0,4.0,0.12121212121212122,3
2024,PE,Public Economics,33.0,6.0,0.18181818181818182,3
2025,PE,Public Economics,33.0,5.0,0.15151515151515152,3
2026,PE,Public Economics,22.0,3.0,0.13636363636363635,2
2020,PPL,Personnel Economics,23.0,0.0,0.0,2
2021,PPL,Personnel Economics,38.0,1.0,0.02631578947368421,3
2022,PPL,Personnel Economics,44.0,2.0,0.045454545454545456,3
2023,PPL,Personnel Economics,44.0,2.0,0.045454545454545456,3
2024,PPL,Personnel Economics,45.0,1.0,0.022222222222222223,3
2025,PPL,Personnel Economics,44.0,1.0,0.022727272727272728,3
2026,PPL,Personnel Economics,30.0,1.0,0.03333333333333333,2
2020,REAL,Real Estate,32.0,4.0,0.125,2
2021,REAL,Real Estate,48.0,4.0,0.08333333333333333,3
2022,REAL,Real Estate,51.0,2.0,0.0392156862745098,3
2023,REAL,Real Estate,50.0,0.0,0.0,3
2024,REAL,Real Estate,52.0,1.0,0.019230769230769232,3
2025,REAL,Real Estate,51.0,1.0,0.0196078431372549,3
2026,REAL,Real Estate,34.0,1.0,0.029411764705882353,2
